url,url_mobile,title,seendate,socialimage,domain,language,sourcecountry
https://www.antaranews.com/berita/5582096/macet-total-di-tanjung-priok-akibat-aktivitas-depo-kontainer-di-cakung,https://m.antaranews.com/amp/berita/5582096/macet-total-di-tanjung-priok-akibat-aktivitas-depo-kontainer-di-cakung,Macet total di Tanjung Priok akibat aktivitas depo kontainer di Cakung,20260525T131500Z,https://cdn.antaranews.com/cache/1200x800/2026/05/25/66093941-97f8-4374-9a24-657e3eec2af6_1.jpeg,antaranews.com,Indonesian,Indonesia
https://www.merdeka.com/peristiwa/kemacetan-parah-di-tanjung-priok-polisi-ungkap-biang-keroknya-576813-mvk.html,https://www.merdeka.com/amp/peristiwa/kemacetan-parah-di-tanjung-priok-polisi-ungkap-biang-keroknya-576813-mvk.html,"Kemacetan Parah di Tanjung Priok , Polisi Ungkap Biang Keroknya",20260525T143000Z,https://cdns.klimg.com/mav-prod-resized/1280x720/ori/newsCover/2026/5/25/1779717580756-xbjuu.webp,merdeka.com,Indonesian,Indonesia
https://www.antaranews.com/berita/5582061/polisi-kemacetan-di-kawasan-priok-bukan-karena-operasional-pelabuhan,https://m.antaranews.com/amp/berita/5582061/polisi-kemacetan-di-kawasan-priok-bukan-karena-operasional-pelabuhan,Polisi : kemacetan di kawasan Priok bukan karena operasional pelabuhan,20260525T131500Z,https://img.antaranews.com/cache/1200x800/2026/05/25/223dd956-53c6-4f86-bf81-153682ff9224.jpeg,antaranews.com,Indonesian,Indonesia
https://www.liputan6.com/news/read/7255572/polisi-ungkap-penyebab-kemacetan-panjang-di-tanjung-priok,https://www.liputan6.com/amp/7255572/polisi-ungkap-penyebab-kemacetan-panjang-di-tanjung-priok,Polisi Ungkap Penyebab Kemacetan Panjang di Tanjung Priok,20260525T140000Z,https://cdn0-production-images-kly.akamaized.net/1YskdCHtrnpfikTopOMdm-eQ8Wk=/1200x675/smart/filters:quality(75):strip_icc():format(jpeg)/kly-media-production/medias/6946943/original/077572700_1779714803-223dd956-53c6-4f86-bf81-153682ff9224.jpeg,liputan6.com,Indonesian,Indonesia
https://wartakota.tribunnews.com/jakarta/890863/akses-jalan-di-tanjung-priok-jakarta-utara-macet-total-aktivitas-depo-kontainer-jadi-sorotan,,"Akses Jalan di Tanjung Priok Jakarta Utara Macet Total , Aktivitas Depo Kontainer Jadi Sorotan",20260525T234500Z,https://asset.tribunnews.com/UBC7Ro_51z24G36FCG_Gq15BwJI=/1200x675/filters:upscale():quality(30):format(webp):focal(0.5x0.5:0.5x0.5)/wartakota/foto/bank/originals/Kemacetan-di-Tanjung-Priok-hys.jpg,wartakota.tribunnews.com,Indonesian,Indonesia
https://mindset.viva.co.id/berita/11348-surat-bupati-banyuwangi-ke-menhub-minta-pelebaran-jalan-hingga-armada-kapal-besar,https://mindset.viva.co.id/amp/berita/11348-surat-bupati-banyuwangi-ke-menhub-minta-pelebaran-jalan-hingga-armada-kapal-besar,Surat Bupati Banyuwangi ke Menhub : Minta Pelebaran Jalan hingga Armada Kapal Besar,20260626T023000Z,,mindset.viva.co.id,Indonesian,Indonesia
https://surabaya.tribunnews.com/banyuwangi/1942919/bupati-ipuk-ajukan-solusi-atasi-kemacetan-pelabuhan-ketapang-banyuwangi,,Bupati Ipuk Ajukan Solusi Atasi Kemacetan Pelabuhan Ketapang Banyuwangi,20260625T163000Z,https://asset.tribunnews.com/TA2kDAt3gewl-CObXH8RRn_GPGk=/1200x675/filters:upscale():quality(30):format(webp):focal(0.5x0.5:0.5x0.5)/surabaya/foto/bank/originals/Dishub-Banyuwangi-saat-mengikuti-Rapat-Bersama-Komisi-4-DPRD.jpg,surabaya.tribunnews.com,Indonesian,Indonesia
https://www.antaranews.com/berita/5585748/kemacetan-truk-trailer-mengular-dari-tj-priok-hingga-cakung-cilincing,https://m.antaranews.com/amp/berita/5585748/kemacetan-truk-trailer-mengular-dari-tj-priok-hingga-cakung-cilincing,Kemacetan truk trailer mengular dari Tj Priok hingga Cakung - Cilincing,20260528T131500Z,https://cdn.antaranews.com/cache/1200x800/2026/05/25/66093941-97f8-4374-9a24-657e3eec2af6_1.jpeg,antaranews.com,Indonesian,Indonesia
https://surabaya.tribunnews.com/banyuwangi/1942597/antrean-kendaraan-menuju-pelabuhan-ketapang-mengular-hingga-dua-kilometer,,Antrean Kendaraan Menuju Pelabuhan Ketapang Mengular hingga Dua Kilometer,20260622T081500Z,,surabaya.tribunnews.com,Indonesian,Indonesia
https://surabaya.kompas.com/read/2026/06/23/135246678/dulu-2-jam-kini-macet-sehari-semalam-sopir-logistik-curhat-soal-ketapang,,"Dulu 2 Jam , Kini Macet Sehari Semalam ! Sopir Logistik Curhat soal Ketapang",20260623T071500Z,"https://asset.kompas.com/crops/Q6eqs8ijdtCU07gpBFPYC1OvyZc=/0x0:0x0/1200x675/filters:watermark(data/photo/2026/01/30/697c815a5f0b9.png,0,-0,1)/data/photo/2026/06/23/6a3a27b14057c.jpg",surabaya.kompas.com,Indonesian,Indonesia
https://jatim.jpnn.com/jatim-terkini/46623/banyuwangi-minta-kemenhub-atasi-macet-ketapang-usulkan-tambah-kapal-hingga-dermaga,,"Banyuwangi Minta Kemenhub Atasi Macet Ketapang , Usulkan Tambah Kapal hingga Dermaga",20260626T031500Z,https://cloud.jpnn.com/photo/jatim/news/normal/2026/06/26/petugas-satlantas-polresta-banyuwangi-jawa-timur-mengatur-a5-alrx.jpg,jatim.jpnn.com,Indonesian,Indonesia
https://bali.jpnn.com/bali-terkini/42607/bali-dikepung-macet-menjelang-libur-panjang-jalan-nasional-padat-merayap,,"Bali Dikepung Macet Menjelang Libur Panjang , Jalan Nasional Padat Merayap",20260616T104500Z,https://cloud.jpnn.com/photo/bali/news/normal/2025/03/27/pemudik-yang-menghindari-penutupan-pelabuhan-karena-hari-ray-szwy.jpg,bali.jpnn.com,Indonesian,Indonesia
https://surabaya.kompas.com/read/2026/06/27/112337878/kemacetan-pelabuhan-ketapang-gapasdap-menambah-kapal-bukan-solusi,,"Kemacetan Pelabuhan Ketapang , Gapasdap : Menambah Kapal Bukan Solusi",20260627T044500Z,"https://asset.kompas.com/crops/mRnLF7wW3QsH3CG35x5TrJKHYBc=/0x0:0x0/1200x675/filters:watermark(data/photo/2026/01/30/697c815a5f0b9.png,0,-0,1)/data/photo/2026/06/25/6a3d15f88f5de.jpg",surabaya.kompas.com,Indonesian,Indonesia
https://surabaya.kompas.com/read/2026/06/05/060746578/akses-ke-pelabuhan-ketapang-banyuwangi-macet-lagi-sopir-truk-pilih-putar,,"Akses ke Pelabuhan Ketapang Banyuwangi Macet Lagi , Sopir Truk Pilih Putar Balik",20260605T011500Z,"https://asset.kompas.com/crops/ySeB193NA4xGgVqeI2r8JTfRPhk=/0x5:670x451/1200x675/filters:watermark(data/photo/2026/01/30/697c815a5f0b9.png,0,-0,1)/data/photo/2026/06/05/6a21b73a05da9.jpg",surabaya.kompas.com,Indonesian,Indonesia
https://baomoi.com/hang-nghin-phuong-tien-chat-vat-di-chuyen-do-un-tac-tai-dong-nai-c55394302.epi,,Hàng nghìn phương tiện chật vật di chuyển do ùn tắc tại Đồng Nai,20260614T161500Z,https://baomoi-photo-fbcrawler.bmcdn.me/w1200_r16x9/2026_06_14_293_55394302/723afdc3818868d63199.jpg,baomoi.com,Vietnamese,Vietnam
https://www.novilist.hr/novosti/hrvatska/pojacan-je-promet-na-svim-cestama-u-smjeru-mora-ispred-naplate-lucko-su-povremeni-zastoji/,,"Pojačan je promet na svim cestama u smjeru mora , ispred naplate Lučko su povremeni zastoji",20260613T110000Z,https://www.novilist.hr/wp-content/uploads/2023/04/7612689-1024x666.jpg,novilist.hr,Croatian,Croatia
https://surabaya.tribunnews.com/jawa-timur/1942681/kemacetan-di-pelabuhan-ketapang-banyuwangi-capai-10-jam-dan-rugikan-sopir-truk,,Kemacetan di Pelabuhan Ketapang Banyuwangi Capai 10 Jam dan Rugikan Sopir Truk,20260623T081500Z,https://asset.tribunnews.com/HRRp3muOkbxt-7a61CuZ3sVjop8=/1200x675/filters:upscale():quality(30):format(webp):focal(0.5x0.5:0.5x0.5)/surabaya/foto/bank/originals/para-pengendara-truk-di-Dermaga-Bulusan-Banyuwangi-Jatim.jpg,surabaya.tribunnews.com,Indonesian,Indonesia
https://www.liputan6.com/news/read/7252052/kemacetan-kepung-pelabuhan-tanjung-priok-kendaraan-di-sejumlah-titik-tak-bergerak,https://www.liputan6.com/amp/7252052/kemacetan-kepung-pelabuhan-tanjung-priok-kendaraan-di-sejumlah-titik-tak-bergerak,"Kemacetan Kepung Pelabuhan Tanjung Priok , Kendaraan di Sejumlah Titik Tak Bergerak",20260525T140000Z,https://cdn1-production-images-kly.akamaized.net/F1OD12d_RRZ-xlZEDI83mHoF7nI=/1200x675/smart/filters:quality(75):strip_icc():format(jpeg)/kly-media-production/medias/6941356/original/009069400_1779709933-Pelabuhan_Tanjung_Priok.jpeg,liputan6.com,Indonesian,Indonesia
https://surabaya.kompas.com/read/2026/06/25/133620178/macet-ketapang-empat-pasien-darurat-banyuwangi-dirujuk-ke-situbondo,,"Macet Ketapang , Empat Pasien Darurat Banyuwangi Dirujuk ke Situbondo",20260625T070000Z,"https://asset.kompas.com/crops/7TjFcJi-TURrdRoaqub4aAHIHII=/0x49:594x445/1200x675/filters:watermark(data/photo/2026/01/30/697c815a5f0b9.png,0,-0,1)/data/photo/2026/05/21/6a0ed67b438a6.jpg",surabaya.kompas.com,Indonesian,Indonesia
https://www.liputan6.com/news/read/7261388/kemacetan-di-kawasan-pelabuhan-tanjung-priok-mulai-terurai-senin-malam-25-mei-2026,https://www.liputan6.com/amp/7261388/kemacetan-di-kawasan-pelabuhan-tanjung-priok-mulai-terurai-senin-malam-25-mei-2026,Kemacetan di Kawasan Pelabuhan Tanjung Priok Mulai Terurai Senin Malam 25 Mei 2026,20260525T163000Z,https://cdn1-production-images-kly.akamaized.net/F8b_qxJYatnk06ZkuiWYPMdKeSo=/1200x675/smart/filters:quality(75):strip_icc():format(jpeg)/kly-media-production/medias/6955913/original/022558800_1779722243-Macet_Priok.jpeg,liputan6.com,Indonesian,Indonesia
https://surabaya.tribunnews.com/banyuwangi/1943019/gapasdap-desak-pemerintah-tingkatkan-infrastruktur-pelabuhan-ketapanggilimanuk,,Gapasdap Desak Pemerintah Tingkatkan Infrastruktur Pelabuhan Ketapang – Gilimanuk,20260627T061500Z,https://asset.tribunnews.com/J3VRE0i5vv1sdhCAdhotCZqQEKA=/1200x675/filters:upscale():quality(30):format(webp):focal(0.5x0.5:0.5x0.5)/surabaya/foto/bank/originals/Pemerintah-didesak-untuk-membangun-infrastruktur-di-lintas-penyebrangan-itu.jpg,surabaya.tribunnews.com,Indonesian,Indonesia
https://rri.co.id/regional/2450704/truk-kontainer-terjebak-macet-panjang-di-tanjung-priok-cilincing,,Truk Kontainer Terjebak Macet Panjang di Tanjung Priok - Cilincing,20260528T154500Z,https://rri-portal-app-assets.obs.ap-southeast-4.myhuaweicloud.com/upload/berita/image/pusat-pemberitaan/thumbs/xl_1779975901744796_40dee4a46e_berita_pusat-pemberitaan.webp,rri.co.id,Indonesian,Indonesia
https://surabaya.kompas.com/read/2026/06/25/113848978/ternyata-bukan-kapalnya-ini-penyebab-kemacetan-parah-di-ketapang,,"Ternyata Bukan Kapalnya , Ini Penyebab Kemacetan Parah di Ketapang",20260625T050000Z,"https://asset.kompas.com/crops/97EDuAlNsLaYYfDtm-r3jiZji2k=/0x0:0x0/1200x675/filters:watermark(data/photo/2026/01/30/697c815a5f0b9.png,0,-0,1)/data/photo/2026/06/24/6a3b779a00a79.jpg",surabaya.kompas.com,Indonesian,Indonesia
https://net.hr/danas/vijesti/pocele-su-guzve-pojacan-promet-prema-moru-moguci-zastoji-i-kolone-5437aa1e-6c72-11f1-936f-9600040c8f8e,,"Počele su gužve : Pojačan promet prema moru , mogući zastoji i kolone",20260620T090000Z,https://net.hr/media/2026/06/20/1543457/H-5b204c14-4677-4bd8-8cec-1ad23a2583da-1200.webp,net.hr,Croatian,Croatia
http://net.hr/danas/vijesti/pocele-su-guzve-pojacan-promet-prema-moru-moguci-zastoji-i-kolone-5437aa1e-6c72-11f1-936f-9600040c8f8e,,"Počele su gužve : Pojačan promet prema moru , mogući zastoji i kolone",20260620T084500Z,https://net.hr/media/2026/06/20/1543457/H-5b204c14-4677-4bd8-8cec-1ad23a2583da-1200.webp,net.hr,Croatian,Croatia
https://ekonomi.bisnis.com/read/20260627/98/1983708/mengurai-sengkarut-penyeberangan-ketapang-gilimanuk,,Mengurai Sengkarut Penyeberangan Ketapang - Gilimanuk,20260627T030000Z,https://images.bisnis.com/posts/2026/06/27/1983708/asdp_kerahkan_35_unit_kapal_untuk_angkut_pemudik_dari_bali_ke_jawa_1773595676.jpg,ekonomi.bisnis.com,Indonesian,Indonesia
https://www.dostor.org/5531700,,  تعزيز الوعي المروري  في ندوة توعوية ببورسعيد,20260429T201500Z,,dostor.org,Arabic,Egypt
https://udayavani.com/dakshina-kannada-news/belthangadi-subrahmanya-udupi-crowd-of-devotees-in-temples-950153,,"Belthangadi / Subrahmanya / Udupi : ದೇವಸ್ಥಾನಗಳಲ್ಲಿ ಭಕ್ತರ ದಟ್ಟಣೆ | Udayavani - Latest Kannada News , Udayavani Newspaper",20260628T080000Z,https://d3jde0c4xcko0v.cloudfront.net/production/28-06-26/news/gvpssmqxaqrbg8-dharmasthala_750P.webp,udayavani.com,Kannada,India
https://www.lavozdegalicia.es/noticia/vigo/2026/06/15/pesca-acelera-firma-certificados-alivia-congestion-traficos-vigo/0003_202606V15C1991.htm,,Pesca acelera la firma de certificados y alivia la congestión de tráficos en Vigo,20260615T034500Z,https://img.lavdg.com/sc/PCI-w1z8FQxeZ00OcnnfJEMWOBQ=/1280x/2026/06/14/00121781461322724651450/Foto/VJ15P1F1_201949.jpg,lavozdegalicia.es,Spanish,Spain
https://www.libyaakhbar.com/business-news/2790523.html,,الداخلية توضح موعد انتهاء الازدحام أمام محطات الوقود,20260512T223000Z,https://www.libyaakhbar.com/wp-content/uploads/2026/04/wqwwwd.webp.webp,libyaakhbar.com,Arabic,Libya
https://gcaptain.com/why-port-efficiency-matters-more-than-ever-amid-global-shipping-disruptions/,,Why Port Efficiency Matters More Than Ever Amid Global Shipping Disruptions,20260610T213000Z,https://gcaptain.com/wp-content/uploads/2024/09/2024-08-29T193935Z_314911356_RC2UP9AYKIFG_RTRMADP_3_USA-OIL-CALIFORNIA-FUEL-scaled.jpg,gcaptain.com,English,United States
https://www.tribunnews.com/bisnis/7846474/kemacetan-ketapanggilimanuk-jadi-sinyal-mendesaknya-penambahan-dermaga-dan-kapasitas-pelabuhan,https://m.tribunnews.com/bisnis/7846474/kemacetan-ketapanggilimanuk-jadi-sinyal-mendesaknya-penambahan-dermaga-dan-kapasitas-pelabuhan,Kemacetan Ketapang – Gilimanuk Jadi Sinyal Mendesaknya Penambahan Dermaga dan Kapasitas Pelabuhan,20260625T070000Z,https://asset.tribunnews.com/kj2UAAi78sYlRx24eZXJVfNYcIc=/1200x675/filters:upscale():quality(30):format(webp):focal(0.5x0.5:0.5x0.5)/tribunnews/foto/bank/originals/Penyeberangan-Ketapang-Gilimanuk-OK.jpg,tribunnews.com,Indonesian,Indonesia
https://net.hr/danas/vijesti/kraj-produzenog-vikenda-i-guzve-na-cestama-zastoji-prema-zagrebu-kolona-od-tri-kilometra-na-a2-2bd2f5f1-6285-11f1-936f-9600040c8f8e,,"Kraj produženog vikenda i gužve na cestama : Zastoji prema Zagrebu , kolona od tri kilometra na A2",20260607T190000Z,https://net.hr/media/2026/06/07/1535273/H-d3007450-0343-40fb-a781-2b019de650df-1200.webp,net.hr,Croatian,Croatia
https://www.fnnews.com/news/202606260531107942,,선박 호르무즈 탈출 시작됐지만 … 운임은 요지부동  3분기 지나야 안정  ,20260625T210000Z,https://image.fnnews.com/resource/media/image/2026/06/26/202606260531057966_l.jpg,fnnews.com,Korean,South Korea
https://www.prensa.com/economia/coel-pide-acelerar-estrategia-logistica-ante-congestion-portuaria-y-retos-de-conectividad/,,COEL pide acelerar estrategia logística ante congestión portuaria y retos de conectividad,20260709T164500Z,https://www.prensa.com/resizer/v2/MZDZEFWEMJCANMCOYCOJZJBXQM.JPG?auth=356a331cd4fca57ccb0d2490a5ec1d5e7e7391dc85715f624b7670221c71dee0,prensa.com,Spanish,Panama
https://cand.com.vn/Giao-thong/khach-gia-tang-dip-le-san-bay-day-manh-ap-dung-sinh-trac-hoc-de-tranh-un-tac-i803918/,https://amp.cand.com.vn/Giao-thong/khach-gia-tang-dip-le-san-bay-day-manh-ap-dung-sinh-trac-hoc-de-tranh-un-tac-i803918/,"Khách gia tăng dịp lễ , sân bay đẩy mạnh áp dụng sinh trắc học để tránh ùn tắc",20260430T063000Z,,cand.com.vn,Vietnamese,Vietnam
https://surabaya.kompas.com/read/2026/06/25/193255278/kapal-eks-lct-dilarang-beroperasi-di-ketapang-gilimanuk-pemerintah-beri,,"Kapal Eks LCT Dilarang Beroperasi di Ketapang - Gilimanuk , Pemerintah Beri Waktu 2 Tahun",20260625T130000Z,"https://asset.kompas.com/crops/B2JtB_y-UT5tnSW__fZmc1djABk=/0x0:746x497/1200x675/filters:watermark(data/photo/2026/01/30/697c815a5f0b9.png,0,-0,1)/data/photo/2025/07/03/686620f6ba570.jpg",surabaya.kompas.com,Indonesian,Indonesia
https://www.index.hr/vijesti/clanak/izmedju-karlovca-i-luckog-na-a1-vozi-se-u-kolonama-uz-zastoje/2810166.aspx?index_tid=1078442&index_ref=naslovnica_vijesti_ostalo_d_1,https://www.index.hr/amp/vijesti/clanak/izmedju-karlovca-i-luckog-na-a1-vozi-se-u-kolonama-uz-zastoje/2810166.aspx,Između Karlovca i Lučkog na A1 vozi se u kolonama uz zastoje,20260705T131500Z,https://ip.index.hr/remote/bucket.index.hr/b/index/8a50cac0-61ee-4c02-969e-56e0c5914c94.png?fb_wtrmrk=vijesti.jpg&mode=crop&format=png,index.hr,Croatian,Croatia
https://www.index.hr/vijesti/clanak/izmedju-karlovca-i-luckog-na-a1-vozi-se-u-kolonama-uz-zastoje/2810166.aspx?index_tid=1078442&index_ref=naslovnica_vijesti_najnovije_d,https://www.index.hr/amp/vijesti/clanak/izmedju-karlovca-i-luckog-na-a1-vozi-se-u-kolonama-uz-zastoje/2810166.aspx,Između Karlovca i Lučkog na A1 vozi se u kolonama uz zastoje,20260705T131500Z,https://ip.index.hr/remote/bucket.index.hr/b/index/8a50cac0-61ee-4c02-969e-56e0c5914c94.png?fb_wtrmrk=vijesti.jpg&mode=crop&format=png,index.hr,Croatian,Croatia
https://www.jutarnji.hr/vijesti/hrvatska/vrucina-kolone-prema-moru-30-35c-upozorenje-dhmz-hak-15720013,,"Jutarnji list - Temperature danas idu do 35 stupnjeva : Pojačan promet prema moru , mogući zastoji i kolone",20260620T090000Z,https://media.jutarnji.hr/images/slike/2026/06/20/f_37305968_1280.jpg,jutarnji.hr,Croatian,Croatia
https://bali.jpnn.com/bali-terkini/42850/menhub-janji-pisah-jalur-logistik-penumpang-urai-kemacetan-ketapang-gilimanuk,,Menhub Janji Pisah Jalur Logistik & Penumpang Urai Kemacetan Ketapang - Gilimanuk,20260629T044500Z,,bali.jpnn.com,Indonesian,Indonesia
https://bali.jpnn.com/bali-terkini/42838/bukan-kurang-kapal-gapasdap-ungkap-biang-kerok-antrean-di-ketapang-gilimanuk,,"Bukan Kurang Kapal , Gapasdap Ungkap Biang Kerok Antrean di Ketapang - Gilimanuk",20260628T134500Z,https://cloud.jpnn.com/photo/bali/news/normal/2026/03/20/antrean-kendaraan-di-pelabuhan-gilimanuk-kabupaten-jembrana-uigm.jpg,bali.jpnn.com,Indonesian,Indonesia
https://www.expreso.ec/economia-y-negocios/empresas-portuarias-piden-solucionar-congestion-vias-puerto-peruano-callao-282827.html,,Empresas portuarias piden solucionar congestión de vías hacia puerto peruano del Callao,20260521T003000Z,https://imagenes.expreso.ec/files/og_thumbnail/uploads/2026/05/20/6a0e356eb00c6.webp,expreso.ec,Spanish,Ecuador
https://baomoi.com/clip-cua-ngo-tphcm-un-u-ngay-dau-nghi-le-dong-xe-nhich-tung-chut-c55023917.epi,,"CLIP : Cửa ngõ TPHCM ùn ứ ngày đầu nghỉ lễ , dòng xe nhích từng chút",20260425T141500Z,,baomoi.com,Vietnamese,Vietnam
https://www.biobiochile.cl/noticias/nacional/region-de-arica-y-parinacota/2026/06/23/fuerte-congestion-en-puerto-de-arica-alcanza-el-120-de-ocupacion-a-raiz-de-bloqueos-en-bolivia.shtml,,Fuerte congestión en Puerto de Arica : alcanza el 120 % de ocupación a raíz de bloqueos en Bolivia | Nacional,20260623T200000Z,https://media.biobiochile.cl/wp-content/uploads/2026/06/social-fuerte-congestion-en-puerto-de-arica-alcanza-el-120-de-ocupacion-a-raiz-de-bloqueos-en-bolivia.png,biobiochile.cl,Spanish,Chile
https://www.glasistre.hr/hrvatska/2026/07/11/kolone-prema-kastelu-i-plovaniji-zastoji-i-na-tri-kljucne-tocke-istarskog-ipsilona-1079096,,"Kolone prema Kaštelu i Plovaniji , zastoji i na tri ključne točke Istarskog ipsilona",20260711T121500Z,https://storage.glasistre.hr/MediaServer/Photos/Download/624960?Format=1,glasistre.hr,Croatian,Croatia
https://www.15min.lt/verslas/naujiena/saugukelyje-lt/i-spustis-prie-klaipedos-sureagavo-ir-meras-1662-2701394,,Į spūstis prie Klaipėdos sureagavo ir meras : mato ne tik uostamiesčio atsakomybę,20260609T133000Z,https://s1.15min.lt/static/cache/MTIwMHg2MjgsLDExODg3NjAsb3JpZ2luYWwsLGlkPTEwNDY3ODIyJmRhdGU9MjAyNSUyRjEyJTJGMTksMTA0MjAyNjI1NA==/sventines-spustys-prie-prekybos-centro-panorama-6945444758d46.jpg,15min.lt,Lithuanian,Lithuania
https://tribune.com.pk/story/2609589/rs17tr-projects-rolling-full-steam-ahead-in-city,,Rs1 . 7tr projects rolling full steam ahead in city,20260523T010000Z,https://i.tribune.com.pk/media/images/murad-ali-shah011771690155-0/murad-ali-shah011771690155-0-640x480.webp,tribune.com.pk,English,Pakistan
https://www.correiodopovo.com.br/not%C3%ADcias/pol%C3%ADcia/ocorrencia-policial-causa-congestionamento-na-br-290-1.1714497,,Ocorrência policial causa congestionamento na BR 290,20260517T231500Z,https://www.correiodopovo.com.br/image/contentid/policy:1.1714496:1779054527/WhatsApp%20Image%202026-05-17%20at%2018.42.40.jpeg?a=191%3A100&q=0.6&$p$a$q$w=cb59fb8,correiodopovo.com.br,Portuguese,Brazil
https://tienphong.vn/clip-cua-ngo-tphcm-un-u-ngay-dau-nghi-le-dong-xe-nhich-tung-chut-post1838699.tpo,,"CLIP : Cửa ngõ TPHCM ùn ứ ngày đầu nghỉ lễ , dòng xe nhích từng chút",20260425T111500Z,https://cdn.tienphong.vn/images/bdfc554ea35983ad68a96e0050b6e2cbf4ec1a047a587fa7277f94a7c07e8880f05f98df862fc3d798dfdcf886d74cdd22dfc17674589e6afcddd3d93ddd5eb84424adbda4363d0c254544de91c9f8334e5640198a150d8d97fa1a94a567d022/z7761465616806-b26ce8fe8dcd35c0c0a6fa664151ddcb.jpg.webp,tienphong.vn,Vietnamese,Vietnam
https://bali.jpnn.com/bali-terkini/42819/selat-bali-padat-asdp-klaim-29-kapal-feri-beroperasi-kemacetan-terurai,,"Selat Bali Padat , ASDP Klaim 29 Kapal Feri Beroperasi , Kemacetan Terurai ? ",20260627T120000Z,https://cloud.jpnn.com/photo/bali/news/watermark/2026/06/27/kapal-dlu-berlabuh-di-pelabuhan-ketapang-banyuwangi-bersiap-jxms.jpg,bali.jpnn.com,Indonesian,Indonesia
https://baomoi.com/dau-tu-ha-tang-giao-thong-de-giam-ket-xe-o-tp-ho-chi-minh-c55163050.epi,,Đầu tư hạ tầng giao thông để giảm kẹt xe ở TP Hồ Chí Minh,20260515T051500Z,,baomoi.com,Vietnamese,Vietnam
https://alwasat.ly/news/libya/518368,,وصول ناقلة محملة بـ30 ألف طن متري من البنزين إلى ميناء بنغازي,20260516T093000Z,https://cdn-ar-1.alwasat.ly/uploads/articles/WQRl5jCUCNkFarp0FEhg.jpg,alwasat.ly,Arabic,Libya
https://vnexpress.net/cua-ngo-tp-hcm-ha-noi-ket-cung-ngay-dau-nghi-le-5068573.html,,"Cửa ngõ TP HCM , Hà Nội kẹt cứng ngày đầu nghỉ lễ",20260430T051500Z,https://i2-vnexpress.vnecdn.net/2026/04/30/ketxe-1777521011.jpg?&q=100&dpr=1&fit=crop&s=tP3EZ5wDMOf_ivmnvrcR2w,vnexpress.net,Vietnamese,Vietnam
https://www.index.hr/vijesti/clanak/izmedju-karlovca-i-luckog-na-a1-vozi-se-u-kolonama-uz-zastoje/2810166.aspx,https://www.index.hr/amp/vijesti/clanak/izmedju-karlovca-i-luckog-na-a1-vozi-se-u-kolonama-uz-zastoje/2810166.aspx,Tri kilometra kolone na A1 nakon prometne nesreće,20260705T133000Z,https://ip.index.hr/remote/bucket.index.hr/b/index/8a50cac0-61ee-4c02-969e-56e0c5914c94.png?fb_wtrmrk=vijesti.jpg&mode=crop&format=png,index.hr,Croatian,Croatia
https://www.libyaakhbar.com/libya-news/2790315.html,,البريقة : لا أزمة في الوقود والازدحام أمام المحطات غير مبرر,20260512T180000Z,https://www.libyaakhbar.com/wp-content/uploads/2026/05/el-shahid.jpg-83.jpeg,libyaakhbar.com,Arabic,Libya
https://vz.ru/news/2026/4/27/1413971.html,https://vz.ru/amp/news/2026/4/27/1413971.html,FESCO сообщила о перегрузке африканских портов из - за конфликта на Ближнем Востоке :: Новости дня / ВЗГЛЯД,20260427T044500Z,https://img.vz.ru/upimg/soc/soc_1413971.png,vz.ru,Russian,Russia
https://dantri.com.vn/tam-diem/hau-phuong-hut-hoi-cua-cang-bien-20260619142717007.htm,,Hậu phương  hụt hơi  của cảng biển,20260620T091500Z,https://cdnphoto.dantri.com.vn/Gfk6pSLg4LvOavfdhqqPXb1IyMg=/zoom/1200_630/2026/06/20/tamdiemogimage-1781945897611.png,dantri.com.vn,Vietnamese,Vietnam
https://www.theborneopost.com/2026/05/22/sabah-port-congestion-a-national-embarrassment-says-warisan-leader/,,"Sabah port congestion a  national embarrassment , says Warisan leader",20260522T163000Z,https://www.theborneopost.com/newsimages/2024/11/logistic.jpg,theborneopost.com,English,Malaysia
https://eldeber.com.bo/economia/bloqueos-saturan-arica-bolivia-suspende-tramites-desconsolidar-contenedores_1781296479,https://eldeber.com.bo/economia/bloqueos-saturan-arica-bolivia-suspende-tramites-desconsolidar-contenedores_1781296479/?amp,Bloqueos saturan Arica y Bolivia suspende trámites para desconsolidar contenedores,20260612T230000Z,https://pxcdn.eldeber.com.bo/eldeber/062026/1781296356328.jpeg?&cw=1200&ch=630,eldeber.com.bo,Spanish,Bolivia
https://baijiahao.baidu.com/s?id=1863925044543808651,,红到发紫 ！ 大批网友已堵路上 ！ 深圳多路段飘红 …… ,20260501T233000Z,,baijiahao.baidu.com,Chinese,China
https://palembang.tribunnews.com/pelindo-reg-2-plg/1318382/pelindo-siap-percepat-tanjung-carat-dukung-penuh-integrasi-pelabuhan-dan-logistik-sumsel,,"Pelindo Siap Percepat Tanjung Carat , Dukung Penuh Integrasi Pelabuhan dan Logistik Sumsel",20260521T144500Z,https://asset.tribunnews.com/09vg3U5vOlJLkvPdMcOCsXpTilg=/1200x675/filters:upscale():quality(30):format(webp):focal(0.5x0.5:0.5x0.5)/palembang/foto/bank/originals/Direktur-Komersial-Pelindo-Farid-Padang-saat-bertemu-dengan-Gubernur-Herman-Deru.jpg,palembang.tribunnews.com,Indonesian,Indonesia
https://jateng.tribunnews.com/jawa-tengah/1257306/traffic-light-lingkar-kaliwungu-kendal-diaktifkan-untuk-urai-macet-tapi-pengendara-nekat-terobos,,"Traffic Light Lingkar Kaliwungu Kendal Diaktifkan untuk Urai Macet , Tapi Pengendara Nekat Terobos",20260622T044500Z,https://asset.tribunnews.com/NwxAH5HgnpiUupG48UY7OHEnd6o=/1200x675/filters:upscale():quality(30):format(webp):focal(0.5x0.5:0.5x0.5)/jateng/foto/bank/originals/20260622_kendal.jpg,jateng.tribunnews.com,Indonesian,Indonesia
https://vov.vn/xa-hoi/tan-son-nhat-se-tang-tan-suat-khai-thac-len-46-chuyengio-giam-un-tac-dip-nghi-le-post1285662.vov,,"Tân Sơn Nhất sẽ tăng tần suất khai thác lên 46 chuyến / giờ , giảm ùn tắc dịp nghỉ lễ",20260421T093000Z,https://media.vov.vn/sites/default/files/styles/og_image/public/2026-04/sb_tsn3.jpg?v=1776763049,vov.vn,Vietnamese,Vietnam
https://alwasat.ly/news/libya/518019,, « البريقة »: الازدحام أمام محطات الوقود غير مبرر والإمدادات منتظمة,20260512T214500Z,https://cdn-ar-1.alwasat.ly/uploads/articles/GYmp3hUcSUDPYV7FLfuI.jpg,alwasat.ly,Arabic,Libya
https://udayavani.com/dakshina-kannada-news/mangaluru-organ-transplant-statistics-revealed-notice-to-hospitals-743054,,"Mangaluru : ಅಂಗಾಂಗ ಕಸಿ ಅಂಕಿ ಅಂಶ ಬಹಿರಂಗ : ಆಸ್ಪತ್ರೆಗಳಿಗೆ ಸೂಚನೆ | Udayavani - Latest Kannada News , Udayavani Newspaper",20260628T080000Z,https://d3jde0c4xcko0v.cloudfront.net/production/28-06-26/news/gvpssmqx9s4by4-organ-donation_750P.webp,udayavani.com,Kannada,India
https://cand.com.vn/Giao-thong/dau-tu-ha-tang-giao-thong-de-giam-ket-xe-o-tp-ho-chi-minh-i805232/,https://amp.cand.com.vn/Giao-thong/dau-tu-ha-tang-giao-thong-de-giam-ket-xe-o-tp-ho-chi-minh-i805232/,Đầu tư hạ tầng giao thông để giảm kẹt xe ở TP Hồ Chí Minh - Báo Công an nhân dân điện tử,20260515T071500Z,,cand.com.vn,Vietnamese,Vietnam
https://www.freepressjournal.in/mumbai/jnpa-faces-container-congestion-amid-driver-shortage-authorities-push-direct-port-delivery-route,https://www.freepressjournal.in/amp/mumbai/jnpa-faces-container-congestion-amid-driver-shortage-authorities-push-direct-port-delivery-route,JNPA Faces Container Congestion Amid Driver Shortage ; Authorities Push Direct Port Delivery Route,20260524T094500Z,https://media.assettype.com/freepressjournal/2023-01/f408d572-1ef1-4f9b-b5ec-5382c9fe03ad/Visakhapatnam_Port_Trust.jpg,freepressjournal.in,English,India
https://thanhnien.vn/tphcm-som-mo-rong-duong-nguyen-tat-thanh-o-quan-4-cu-len-8-lan-xe-185260505224043121.htm,,TP . HCM sớm mở rộng đường Nguyễn Tất Thành ở quận 4 cũ lên 8 làn xe ? ,20260505T231500Z,https://images2.thanhnien.vn/zoom/1200_630/528068263637045248/2026/5/5/nd-1-17779950594081266751030-271-168-1656-2384-crop-17780074136631665852911.jpg,thanhnien.vn,Vietnamese,Vietnam
https://www.jutarnji.hr/vijesti/zagreb/hak-pojacan-promet-zastoji-obilaznice-a4-istarski-ipsilon-15701949,,Jutarnji list - HAK : Gužve i zastoji na zagrebačkoj obilaznici,20260424T061500Z,https://media.jutarnji.hr/images/slike/2026/04/24/f_38444744_1280.jpg,jutarnji.hr,Croatian,Croatia
https://news.republika.co.id/berita/th6976484/kemacetan-pelabuhan-ketapanggilimanuk-sinyal-penambahan-dermaga,,"Kemacetan Pelabuhan Ketapang - Gilimanuk , Sinyal Penambahan Dermaga",20260625T053000Z,https://static.republika.co.id/uploads/images/kanal_slide/086688900-1766331514-830-556.jpg,news.republika.co.id,Indonesian,Indonesia
https://surabaya.kompas.com/read/2026/06/22/222825578/pelabuhan-ketapang-banyuwangi-macet-lagi-ini-penjelasan-asdp,,"Pelabuhan Ketapang Banyuwangi Macet Lagi , Ini Penjelasan ASDP",20260622T154500Z,"https://asset.kompas.com/crops/JNMZ_TaVQ-8JnVjekJdk2cMdnEM=/0x0:0x0/1200x675/filters:watermark(data/photo/2026/01/30/697c815a5f0b9.png,0,-0,1)/data/photo/2026/06/22/6a394a1133141.jpg",surabaya.kompas.com,Indonesian,Indonesia
https://klops.ru/kaliningrad/2026-06-26/386021-v-tsentre-zatory-karta-probok-v-kaliningrade-na-utro-pyatnitsy,,В центре заторы : карта пробок в Калининграде на утро пятницы,20260626T104500Z,https://assets3.klops.ru/media/W1siZiIsIjIwMjZcLzA2XC8yNlwvZTM5NDc2MTAtZmYxMS00OGI0LWI0ZDYtNTk5YTQyYWYzNjdlX2ZpbGUuanBlZyJdLFsicCIsInRodW1iIiwiMTIwMHg2MzArMCsxNzAiXSxbInAiLCJ0aHVtYiIsIjEyMDB4NTM2I25lIl0sWyJwIiwiZW5jb2RlIiwianBnIiwiLXF1YWxpdHkgNzggLXN0cmlwIC1pbnRlcmxhY2UgUGxhbmUiXV0=/file.jpg?sha=b8cc551dddb427a3,klops.ru,Russian,Russia
https://www.ft.lk/front-page/SLPA-eyes-2-b-port-investments-to-ease-Colombo-capacity-crunch/44-792668,,SLPA eyes $ 2 b port investments to ease Colombo capacity crunch,20260529T014500Z,https://bmkltsly13vb.compat.objectstorage.ap-mumbai-1.oraclecloud.com/cdn.ft.lk/assets/uploads/image_e9fa9e26c6.jpg,ft.lk,English,Sri Lanka
https://surabaya.tribunnews.com/banyuwangi/1939980/dampak-cuaca-buruk-jalur-menuju-pelabuhan-ketapang-banyuwangi-macet,,"Dampak Cuaca Buruk , Jalur Menuju Pelabuhan Ketapang Banyuwangi Macet",20260522T030000Z,https://asset.tribunnews.com/TO-u6bOy0rzn6sAWJ5NNpGjcftQ=/1200x675/filters:upscale():quality(30):format(webp):focal(0.5x0.5:0.5x0.5)/surabaya/foto/bank/originals/Kemacetan-disebabkan-cuaca-buruk-di-Selat-Bali.jpg,surabaya.tribunnews.com,Indonesian,Indonesia
https://news.ltn.com.tw/news/Pingtung/breakingnews/5421924,https://news.ltn.com.tw/amp/news/Pingtung/breakingnews/5421924,東港黑鮪魚文化觀光祭開幕在即 屏東沿海連假湧人潮 - 屏東縣,20260501T031500Z,https://img.ltn.com.tw/Upload/news/600/2026/05/01/5421924_3_1.jpg,news.ltn.com.tw,Chinese,Taiwan
https://news.ltn.com.tw/news/life/breakingnews/5421924,https://news.ltn.com.tw/amp/news/life/breakingnews/5421924,東港黑鮪魚文化觀光祭開幕在即 屏東沿海連假湧人潮 - 生活,20260501T031500Z,https://img.ltn.com.tw/Upload/news/600/2026/05/01/5421924_3_1.jpg,news.ltn.com.tw,Chinese,Taiwan
https://eldeber.com.bo/economia/cuello-botella-arica-agrava-crisis-logistica-comercio-exterior-boliviano_1783380175,https://eldeber.com.bo/economia/cuello-botella-arica-agrava-crisis-logistica-comercio-exterior-boliviano_1783380175/?amp,Cuello de botella en Arica agrava la crisis logística del comercio exterior boliviano,20260707T001500Z,https://pxcdn.eldeber.com.bo/eldeber/072026/1783380037975.jpeg?&cw=1200&ch=630,eldeber.com.bo,Spanish,Bolivia
https://baomoi.com/tin-lien-quan-t47774673.epi,,Tin tức Tin liên quan - Hình ảnh và video clip nóng mới nhất,20260625T081500Z,https://baomoi-static.bmcdn.me/web/styles/img/facebook-thumb.png,baomoi.com,Vietnamese,Vietnam
https://danviet.vn/un-tac-cau-dong-nai-keo-dai-nhieu-gio-tai-xe-nhich-tung-chut-mot-o-cua-ngo-phia-dong-tphcm-d1439377.html,,"Ùn tắc cầu Đồng Nai kéo dài nhiều giờ , tài xế nhích từng chút một ở cửa ngõ phía Đông TP . HCM",20260630T111500Z,https://t.ex-cdn.com/danviet.vn/800w/files/content/2026/06/30/165743un-tac-cau-dong-nai-keo-dai-nhieu-gio-tai-xe-chon-chan-o-cua-ngo-phia-dong-tp-11-1653.jpg,danviet.vn,Vietnamese,Vietnam
https://tienphong.vn/dong-nai-dieu-chinh-giao-thong-tai-diem-den-nut-giao-cong-11-post1853373.tpo,,Đồng Nai điều chỉnh giao thông tại  điểm đen  nút giao Cổng 11,20260622T104500Z,https://cdn.tienphong.vn/images/bdfc554ea35983ad68a96e0050b6e2cb3c6f57f40eb404eb50c7bd0e8db28127b8ed631b4223542d4a3cddf0964f886bbb56f5e159bd308b22b0bafb836836c0efbab474b21fe542f6c4864f47a07fd0e2690c698f376bd6845bc6124626f5a55e6ca5a827794e8a6166e3c1c9e60098/dji-fly-20260603-075515-0-1780448115523-photo-low-quality.jpg.webp,tienphong.vn,Vietnamese,Vietnam
https://klops.ru/kaliningrad/2026-06-17/385391-v-tsentre-nebolshie-zatory-karta-probok-v-kaliningrade-na-utro-sredy,,В центре небольшие заторы : карта пробок в Калининграде на утро среды,20260617T091500Z,https://assets3.klops.ru/media/W1siZiIsIjIwMjZcLzA2XC8xN1wvOTFkMTY3N2YtYmU4OC00M2ZlLWE1NDgtYzI5OTM5MGI3ODE1X2ZpbGUuanBlZyJdLFsicCIsInRodW1iIiwiMjUwMHgxMzEzKzArMCJdLFsicCIsInRodW1iIiwiMTIwMHg1MzYjbmUiXSxbInAiLCJlbmNvZGUiLCJqcGciLCItcXVhbGl0eSA3OCAtc3RyaXAgLWludGVybGFjZSBQbGFuZSJdXQ==/file.jpg?sha=f2172c10dc0a568e,klops.ru,Russian,Russia
https://www.levante-emv.com/comunitat-valenciana/2026/04/30/accidente-trafico-pesado-colapsan-v-129689368.html,https://www.levante-emv.com/comunitat-valenciana/2026/04/30/accidente-trafico-pesado-colapsan-v-129689368.amp.html,Un accidente y el tráfico pesado colapsan la V - 30 y el acceso al Puerto de València,20260430T081500Z,https://estaticos-cdn.prensaiberica.es/clip/11eadc32-e826-414e-bd3b-ad6145b43de1_16-9-discover-aspect-ratio_default_0_x426y160.jpg,levante-emv.com,Spanish,Spain
https://money.kompas.com/read/2026/06/24/182634326/biang-kerok-macet-di-ketapang-dan-gilimanuk-kapasitas-pelabuhan-sudah-dekati,,"Biang Kerok Macet di Ketapang dan Gilimanuk , Kapasitas Pelabuhan Sudah Dekati Batas",20260624T114500Z,"https://asset.kompas.com/crops/sokGTxj16kXA65G_4YuYWn4aRo0=/0x0:5374x3583/1200x675/filters:watermark(data/photo/2026/01/30/697c815e7ef28.png,0,-0,1)/data/photo/2026/03/19/69bb4a33aa0ff.jpg",money.kompas.com,Indonesian,Indonesia
https://www.prensalibre.com/economia/sectores-alertan-por-impacto-operativo-y-economico-ante-crisis-en-empornac/,,Sectores alertan por impacto operativo y económico ante crisis en Empornac,20260528T220000Z,https://www.prensalibre.com/wp-content/uploads/2026/05/empornac-1.jpg?quality=52,prensalibre.com,Spanish,Guatemala
https://rri.co.id/regional/2525960/menhub-siapkan-pemisahan-angkutan-logistik-dan-penumpang-di-ketapang-gilimanuk,,Menhub Siapkan Pemisahan Angkutan Logistik dan Penumpang di Ketapang - Gilimanuk,20260627T174500Z,https://rri-portal-app-assets.obs.ap-southeast-4.myhuaweicloud.com/upload/berita/image/pusat-pemberitaan/thumbs/xl_1782570594245146_a59d77b1fb_berita_pusat-pemberitaan.webp,rri.co.id,Indonesian,Indonesia
https://www.the-star.co.ke/news/world/2026-05-23-france-suspends-extra-eu-border-checks-at-dover-after-hours-long-queues,,France suspends extra EU border checks at Dover after hours - long queues,20260523T123000Z,https://cdn.radioafrica.digital/image/2026/05/67c4d065-ebc1-410d-85ef-8ff4a96476f3.png,the-star.co.ke,English,Kenya
https://dnevnik.hr/vijesti/hrvatska/hak-guzve-na-autocestama---990729.html,https://dnevnik.hr/amp/vijesti/hrvatska/hak-guzve-na-autocestama---990729.html,Velike gužve prema moru : Evo gdje su kolone i zastoji najgori,20260711T121500Z,https://image.dnevnik.hr/media/images/1920x1080/Jul2026/63353856-guzva-na-luckom.jpg,dnevnik.hr,Croatian,Croatia
https://congan.com.vn/giao-thong-24h/con-duong-qua-tai-nhat-thanh-pho-trong-cho-ngay-duoc-mo-rong_192970.html,,Con đường quá tải nhất thành phố trông chờ ngày được mở rộng,20260519T094500Z,https://cloud.tienlenquyetthang.com/thumbnail/CATP-480-2026-5-19/10a-6048-6049-4_1173_704_149.jpg,congan.com.vn,Vietnamese,Vietnam
https://www.libyaakhbar.com/breaking/2815439.html,,أعلنت مديرية أمن منفذ رأس جدير ، مساء الأربعاء ، تعطل حركة العبور عبر المعبر الحدو,20260617T214500Z,https://www.libyaakhbar.com/wp-content/uploads/2026/06/721516677_1699172254448775_5060300690831797657_n.png,libyaakhbar.com,Arabic,Libya
https://udn.com/news/story/7252/9519973,https://udn.com/news/amp/story/7252/9519973,台驊控股法說會 ／ 總經理顏益財 ： 天災 、 人禍貨櫃輪多頭榮景再現 | 上市公司 | 股市,20260522T124500Z,https://uc.udn.com.tw/photo/t3/2026/05/22/34973576.jpg,udn.com,Chinese,Taiwan
https://www.freepressjournal.in/pune/nashik-mundra-port-congestion-raises-concerns-over-onion-exports-container-shortage-may-disrupt-trade,https://www.freepressjournal.in/amp/pune/nashik-mundra-port-congestion-raises-concerns-over-onion-exports-container-shortage-may-disrupt-trade,Nashik : Mundra Port Congestion Raises Concerns Over Onion Exports ; Container Shortage May Disrupt Trade,20260607T103000Z,https://media.assettype.com/freepressjournal/2026-06-07/ghl55a5g/0.jpg,freepressjournal.in,English,India
https://www.tinnhanhchungkhoan.vn/loi-giai-moi-cho-bai-toan-ket-noi-nhom-cang-bien-hai-phong-post393494.html,https://m.tinnhanhchungkhoan.vn/loi-giai-moi-cho-bai-toan-ket-noi-nhom-cang-bien-hai-phong-post393494.amp,Lời giải mới cho bài toán kết nối nhóm cảng biển Hải Phòng,20260706T070000Z,https://image.tinnhanhchungkhoan.vn/1200x630/Uploaded/2026/wpxlcdjwi/2026_07_06/loi-giai-moi-cho-bai-toan-ket-noi-nhom-cang-bien-hai-phong1782292904-6928.jpeg,tinnhanhchungkhoan.vn,Vietnamese,Vietnam
https://voh.com.vn/giao-thong/du-an-3800-ty-dong-nang-cap-ha-tang-duong-thuy-phia-nam-du-kien-khoi-cong-nam-2026-655081.html,,Dự án 3 . 800 tỷ đồng nâng cấp hạ tầng đường thủy phía Nam dự kiến khởi công năm 2026,20260521T031500Z,https://image.voh.com.vn/voh/image/2026/05/21/du-an-093023.jpg,voh.com.vn,Vietnamese,Vietnam
https://www.dostor.org/5614691,,محافظ بورسعيد يتابع تطوير وازدواج تقاطع امتداد استاد النادي المصري,20260627T130000Z,,dostor.org,Arabic,Egypt
https://voh.com.vn/thoi-su/hinh-thanh-sieu-nut-giao-3-tang-chien-luoc-phia-nam-tphcm-657911.html,,Hình thành siêu nút giao 3 tầng chiến lược phía Nam TPHCM,20260625T011500Z,https://image.voh.com.vn/voh/image/2026/06/24/tin-14-p1-184234.jpg,voh.com.vn,Vietnamese,Vietnam
https://prabhanews.com/bhogapuram-international-airport-connectivity-ready/,,"జాతీయ రహదారి కనెక్టివిటీకి గ్రీన్ సిగ్నల్ - Andhra Prabha | Telugu News Daily , Latest Telugu News , Latest తెలుగు వార్తలు and LIVE Updates | Breaking News in AP and Telangana",20260512T080000Z,https://prabhanews.com/wp-content/uploads/2026/05/afb0cd8e_06-crop-9f1a58.jpg,prabhanews.com,Telugu,India
https://thanhnien.vn/ngam-phoi-canh-duong-tren-cao-6-lan-xe-doc-ql-51-noi-tphcm-voi-dong-nai-185260504103916504.htm,,Ngắm phối cảnh đường trên cao 6 làn xe dọc QL 51 nối TP . HCM với Đồng Nai,20260504T041500Z,https://images2.thanhnien.vn/zoom/1200_630/528068263637045248/2026/5/4/gen-h-z7788420995433e69a57b6c61a43f9d8576f658ec87e3a-17778650389081146368471-0-232-1455-2560-crop-1777866020962133387323.jpg,thanhnien.vn,Vietnamese,Vietnam
https://www.wptv.com/traffic/traffic-news/port-st-lucie-city-council-unanimously-approves-traffic-plan-for-village-and-tradition-parkway-intersection,,City leaders approve new design plan for busy Port St . Lucie intersection,20260421T220000Z,http://ewscripps-brightspot.s3.amazonaws.com/1e/ae/e019669e452b9146245dd78db303/tradition.jpg,wptv.com,English,United States
https://www.enikos.gr/society/kriti-asfyxia-sto-limani-irakleiou-43-metanastes-egklovismenoi-se-leoforeio-logo-yperplirosis-tis-domis/2595936/,https://www.enikos.gr/society/kriti-asfyxia-sto-limani-irakleiou-43-metanastes-egklovismenoi-se-leoforeio-logo-yperplirosis-tis-domis/2595936/amp/,Κρήτη : Ασφυξία στο λιμάνι Ηρακλείου – 43 μετανάστες « εγκλωβισμένοι » σε λεωφορείο λόγω υπερπλήρωσης της δομής,20260611T003000Z,https://www.enikos.gr/wp-content/uploads/2026/06/WRFG.jpg,enikos.gr,Greek,Greece
https://www.zaobao.com.sg/finance/china/story20260528-9119533,,中美关税谈判进展 北京 ： 双方将商定具体安排尽快推动实施,20260528T090000Z,https://cassette.sphdigital.com.sg/image/zaobao/14beaa740a25d7807771cc717a73c9a80fd27c61baa213acc2a1618e66277e05,zaobao.com.sg,Chinese,Singapore
https://www.setn.com/News.aspx?NewsID=1854332,https://www.setn.com/m/ampnews.aspx?NewsID=1854332,川普10 ％ 新關稅保住 ！ 上訴法院允許 「 訴訟時繼續對全球課 」 | 國際 | 三立新聞網 SETN . COM,20260612T104500Z,https://attach.setn.com/newsimages/2024/11/30/4914329-PH.jpg,setn.com,Chinese,Taiwan
https://www.washingtonexaminer.com/news/white-house/4605869/appeals-court-trump-global-tariffs/,,Appeals court allows Trump to collect 10 % global tariffs for now,20260612T040000Z,https://www.washingtonexaminer.com/wp-content/uploads/2026/06/AP26162754760149_174859.jpg,washingtonexaminer.com,English,United States
http://futures.cnfol.com/qishidongtai/20260616/32281455.shtml,,关税  和平  能维持多久 ？ 欧盟批准坦伯里协议 ， 但美欧结构性分歧未解 _ 期市动态 _ 期货 _ 中金在线,20260616T104500Z,,futures.cnfol.com,Chinese,China
https://www.yicai.com/news/103246665.html,,欧美贸易协议最终获批,20260625T110000Z,,yicai.com,Chinese,China
https://www.cna.com.tw:443/news/acn/202605280222.aspx,,中美關稅談判進展 中國商務部 ： 經貿團隊將溝通 | 兩岸,20260528T093000Z,,cna.com.tw,Chinese,Taiwan
https://www.tmtpost.com/nictation/7994993.html,,商务部 ： 中美双方原则同意在贸易理事会项下讨论同等规模产品对等降税框架安排 ， 规模各为300亿美元或更多,20260520T050000Z,,tmtpost.com,Chinese,China
https://www.yahoo.com/news/politics/articles/supreme-court-wont-hear-tariff-133326197.html,,"Supreme Court wont hear tariff challenge , paving way for new Trump action",20260615T150000Z,https://s.yimg.com/ny/api/res/1.2/jZSa0MTZNjzH68MZbrCKGg--/YXBwaWQ9aGlnaGxhbmRlcjt3PTEyMDA7aD03Njg7Y2Y9d2VicA--/https://media.zenfs.com/en/usa_today_news_641/a9e76ab56d62701c14a1833ac2040913,yahoo.com,English,United States
http://world.people.com.cn/n1/2026/0626/c1002-40747978.html,,欧美贸易协议最终获批 -- 国际 -- 人民网,20260626T043000Z,,world.people.com.cn,Chinese,China
https://www.wenxuecity.com/news/2026/06/12/126677018.html,,川普10 ％ 全球关税保住了 ！ 美上诉法院准暂时维持,20260612T220000Z,,wenxuecity.com,Chinese,China
https://n.yam.com/Article/20260607182256,,川普政府下修農建機關稅至15 % 日韓歐台獲關稅特例,20260607T064500Z,https://ni.yam.com/20260607/c24e2577-993b-41c0-b778-b42781f5c8ee-0a9fb86ba2784320.png,n.yam.com,Chinese,Taiwan
https://news.china.com/socialgd/10000169/20260604/49530300.html,,美国拟对60个经济体加征关税 引发全球贸易紧张态势 _ 新闻频道 _ 中华网,20260604T044500Z,,news.china.com,Chinese,China
https://www.wenxuecity.com/news/2026/06/04/126668882.html,,美拟对中日印韩等45个经济体加征12 . 5 % 额外关税,20260604T151500Z,,wenxuecity.com,Chinese,China
https://n.yam.com/Article/20260609942967,,川普鎖定強迫勞動商品 對60國祭出新關稅 、 台灣入列,20260609T024500Z,https://ni.yam.com/20260609/42066d01-c48c-41cb-81e7-d28c43a3ca93-0d6e820c5ba95e65.png,n.yam.com,Chinese,Taiwan
https://www.zaobao.com.sg/finance/singapore/story20260607-9166252,,美国再举关税大棒 新加坡税率或增2 . 5个百分点会有何影响 ？ ,20260607T014500Z,https://cassette.sphdigital.com.sg/image/zaobao/60f7903fc9f1a4a8a55a652e39e246162d762a4d0ae11e9fe4c74f45f8091cd6,zaobao.com.sg,Chinese,Singapore
https://military.china.com/news/13004177/20260604/49530640.html,,中方反对美方拟征收12 . 5 % 额外关税 多国强烈反对美新关税提案 _ 军事频道 _ 中华网,20260604T074500Z,,military.china.com,Chinese,China
https://www.ettoday.net/news/20260527/3172883.htm,https://www.ettoday.net/amp/amp_news.php7?news_id=3172883,川普10 % 關稅7月到期 美貿易代表 ： 可能重新起徵 | ETtoday國際新聞,20260527T043000Z,https://cdn2.ettoday.net/images/8336/e8336886.jpg,ettoday.net,Chinese,Taiwan
https://news.china.com/international/1000/20260604/49529587.html,,多国强烈反对美国新关税提案 中方回应 _ 新闻频道 _ 中华网,20260604T023000Z,,news.china.com,Chinese,China
https://finance.eastmoney.com/a/202607073796688235.html,,美国22个州反对联邦政府加征关税计划 _ 东方财富网,20260707T100000Z,,finance.eastmoney.com,Chinese,China
https://www.hindustantimes.com/india-news/giving-me-bullshit-numbers-trumps-spat-with-lutnick-over-indias-tariffs-on-us-revealed-101782283056509.html,https://www.hindustantimes.com/india-news/giving-me-bullshit-numbers-trumps-spat-with-lutnick-over-indias-tariffs-on-us-revealed-101782283056509-amp.html,  Giving me bullshit number : Trump spat with Lutnick over India tariffs on US revealed,20260624T080000Z,https://www.hindustantimes.com/ht-img/img/2026/06/24/550x309/USA-TRUMP-CONGRESS-0_1782283314059_1782283320131_fd5056c9-2f43-4546-8c12-6f19e655ffe5.JPG,hindustantimes.com,English,India
https://world.qianlong.com/2026/0604/8678691.shtml,,澳大利亚总理 ： 美国关税措施  毫无依据 - 千龙网 · 中国首都网,20260604T061500Z,,world.qianlong.com,Chinese,China
https://ec.ltn.com.tw/article/paper/1757640,https://ec.ltn.com.tw/amp/article/paper/1757640,將取代7月到期的122條款臨時關稅 美疊加301關稅 台灣有望上限15 ％ ,20260605T221500Z,https://img.ltn.com.tw/Upload/business/page/800/2026/06/06/46.jpg,ec.ltn.com.tw,Chinese,Taiwan
https://news.china.com/international/1000/20260605/49531466.html,,澳大利亚总理回应美国新关税提案 ： 不合理 _ 新闻频道 _ 中华网,20260605T023000Z,,news.china.com,Chinese,China
https://www.zaobao.com.sg/news/china/story20260528-9117679,,美国放宽部分对台关税措施 落实贸易协议,20260528T033000Z,https://cassette.sphdigital.com.sg/image/zaobao/9090724341a25842e3be7e17f107a3efa63206bd4e73ffdd151e10e4d64b4c77,zaobao.com.sg,Chinese,Singapore
http://www.legaldaily.com.cn/index/content/2026-06/04/content_9401302.html,,澳大利亚总理回应美国新关税提案 ： 相关关税措施  不合理  ,20260604T063000Z,,legaldaily.com.cn,Chinese,China
https://www.voachinese.com/a/us-to-seek-public-input-on-chinese-goods-for-possible-tariff-reductions-20260527/8154446.html,https://www.voachinese.com/amp/us-to-seek-public-input-on-chinese-goods-for-possible-tariff-reductions-20260527/8154446.html,美国将就可能符合关税削减条件的中国商品征求公众意见,20260527T151500Z,https://gdb.voanews.com/d38855e4-d758-4f3e-d1bc-08de3bf6f1ff_cx0_cy7_cw0_w1200_h630.jpg,voachinese.com,Chinese,China
https://www.zerohedge.com/political/supreme-court-rejects-challenge-trumps-first-term-tariff-china,,Supreme Court Rejects Challenge To Trump First - Term Tariff On China,20260617T010000Z,https://assets.zerohedge.com/s3fs-public/styles/16_9_max_700/public/2026-06/image%20%2857%29.jpg?itok=Wl_SixP-,zerohedge.com,English,United States
https://www.aljazeera.com/news/2026/6/15/how-trump-is-relaunching-a-tariff-war-citing-forced-labour-concerns,https://www.aljazeera.com/amp/news/2026/6/15/how-trump-is-relaunching-a-tariff-war-citing-forced-labour-concerns,How Trump is relaunching a tariff war citing  forced labour  concerns | International Trade News,20260615T111500Z,https://www.aljazeera.com/wp-content/uploads/2026/06/getty_6a27e4b752-1780999351.jpg,aljazeera.com,English,United States
https://time.mk/c/3e4b83e327/tramp-podgotvuva-nov-carinski-udar-vrz-kanada-i-meksiko.html,,Трамп подготвува нов царински удар врз Канада и Мексико,20260527T074500Z,https://trn.mk/wp-content/uploads/2025/12/tramp-1.jpg,time.mk,Macedonian,Macedonia
https://www.voachinese.com/a/gop-senator-urges-ustr-to-impose-new-tariffs-on-chinese-generic-pharmaceuticals-over-forced-labor-concerns-20260707/8169168.html,https://www.voachinese.com/amp/gop-senator-urges-ustr-to-impose-new-tariffs-on-chinese-generic-pharmaceuticals-over-forced-labor-concerns-20260707/8169168.html,美议员致函贸易代表 ， 敦促对涉强迫劳动仿制药供应链加征关税,20260707T224500Z,https://gdb.voanews.com/beabf0f3-18ab-46ad-a618-3557eefff673_cx0_cy6_cw0_w1200_h630.jpg,voachinese.com,Chinese,China
https://udn.com/news/story/7238/9585944,,掀國際震盪 … 央行看川普對等關稅周年 全球化未死只是被重塑 | 財經焦點 | 產經,20260624T090000Z,https://uc.udn.com.tw/photo/t3/2026/06/24/35072888.jpg,udn.com,Chinese,Taiwan
https://www.chinatimes.com/newspapers/20260613000431-260110,,美法院裁定 川普可續徵10 ％ 關稅 - 財經,20260612T220000Z,https://images.chinatimes.com/newsphoto/2026-06-13/656/B05A00_P_01_02.jpg,chinatimes.com,Chinese,Taiwan
https://news.china.com/international/1000/20260708/49596983.html,,美国22个州反对联邦政府加征关税计划 _ 新闻频道 _ 中华网,20260708T071500Z,,news.china.com,Chinese,China
https://inews.hket.com/article/4140263/%E7%BE%8E%E5%9C%8B%EF%BD%9C%E6%93%AC%E5%BE%B5%E5%B7%B4%E8%A5%BF25-%E6%87%B2%E7%BD%B0%E9%97%9C%E7%A8%85%20%E6%8E%A7%E8%B2%BF%E6%98%93%E6%93%8D%E4%BD%9C%E4%B8%8D%E5%85%AC?mtc=80029,,美國｜擬徵巴西25 % 懲罰關稅 控貿易操作不公,20260602T100000Z,https://static04.hket.com/res/v3/image/content/4140000/4140263/020626_169_iet_fish__v1_1200.jpg,inews.hket.com,Chinese,China
https://www.epochtimes.com/gb/26/6/16/n14789735.htm,https://www.epochtimes.com/gb/26/6/16/n14789735.htm/amp,美最高院驳回上诉 川普对华关税维持不变 | 最高法院 | 进口商 | 对中关税,20260616T101500Z,https://i.epochtimes.com/assets/uploads/2026/06/id14781343-852854-700x359.jpg,epochtimes.com,Chinese,China
https://inews.hket.com/article/4142078/%E7%BE%8E%E5%9C%8B%EF%BD%9C%E9%81%B5%E5%AE%88%E8%B2%BF%E5%8D%94%E9%97%9C%E7%A8%85%E4%B8%8A%E9%99%90%20%E8%AA%BF%E6%9F%A5%E6%88%96%E5%85%81%E6%96%B0%E9%97%9C%E7%A8%85?mtc=80029,,美國｜遵守貿協關稅上限 調查或允新關稅,20260605T073000Z,https://static04.hket.com/res/v3/image/content/4140000/4142078/050626_169_iet_fish__v1_1200.jpg,inews.hket.com,Chinese,China
https://time.mk/c/ec126fd08a/tramp-ne-se-otkazuva-od-carinite-za-meksiko-i-kanada-i-pokraj-trgovskiot-dogovor.html,,ТРАМП НЕ СЕ ОТКАЖУВА ОД ЦАРИНИТЕ за Мексико и Канада и покрај трговскиот договор,20260527T070000Z,http://pari.com.mk/wp-content/uploads/2026/05/Brod-so-kontejneri.jpg,time.mk,Macedonian,Macedonia
https://www.setn.com/News.aspx?NewsID=1849358,https://www.setn.com/m/ampnews.aspx?NewsID=1849358,川普關稅大棒又來 ？ 美 「 301調查結果 」 將公布 超過70國剉咧等 | 國際 | 三立新聞網 SETN . COM,20260603T040000Z,https://attach.setn.com/newsimages/2024/11/30/4914329-PH.jpg,setn.com,Chinese,Taiwan
https://time.mk/c/be83eecd0a/sad-planiraat-novi-carini-za-kanada-i-meksiko.html,,САД планираат нови царини за Канада и Мексико,20260527T064500Z,,time.mk,Macedonian,Macedonia
http://yuanchuang.caijing.com.cn/2026/0611/5164769.shtml,,中国企业能收到美国退还的关税吗 ？_ 财经精选 _ 财经网 - CAIJING . COM . CN,20260612T081500Z,,yuanchuang.caijing.com.cn,Chinese,China
https://www.newsx.com/world/how-much-india-tariffs-us-you-give-me-bullst-numbers-trumps-angry-clash-over-new-delhi-tariffs-on-us-goods-240409/,https://www.newsx.com/world/how-much-india-tariffs-us-you-give-me-bullst-numbers-trumps-angry-clash-over-new-delhi-tariffs-on-us-goods-240409/amp/,  How Much India Tariffs Us ? You Give Me Bulls * t Number : Trump Angry Clash Over New Delhi Tariffs On US Goods,20260624T114500Z,https://www.newsx.com/wp-content/uploads/2026/06/donald-trump_1.jpg,newsx.com,English,India
https://newtalk.tw/news/view/2026-06-13/1041111,,川普10 % 全球關稅大復活 美巡迴上訴法院 ： 判決出爐前可繼續課徵 | 國際,20260613T071500Z,https://s.newtalk.tw/album/news/1038/6a2b602d69327.png,newtalk.tw,Chinese,Taiwan
https://www.bnnbloomberg.ca/tariffs/2026/05/26/canada-in-different-spot-when-it-comes-to-trump-tariffs-us-trade-czar-says/,,Trump tariffs on Canada remain in place : U . S . trade rep,20260527T003000Z,https://www.bnnbloomberg.ca/resizer/v2/SVLJNXQ5GWVH25PNNLZCIXTJXI.jpg?smart=true&auth=3b05d3de68d5a2b31fa633dc1fac6a7b34abf0b563bc977d0b2b731be0caa808,bnnbloomberg.ca,English,Canada
http://www.cfi.net.cn/p20260709000204.html,,兴通股份外贸运价暴涨 业绩弹性全面释放 - CFi . CN 中财网,20260709T014500Z,,cfi.net.cn,Chinese,China
https://udn.com/news/story/6811/9530003,https://udn.com/news/amp/story/6811/9530003,徵詢民眾 美評估降300億美元陸商品關稅 | 全球財經 | 全球,20260527T223000Z,https://uc.udn.com.tw/photo/t3/2026/05/27/34988360.jpg,udn.com,Chinese,Taiwan
https://www.livemint.com/news/india/us-india-trade-deal-news-us-tariffs-donald-trump-section-301-investigations-latest-update-11780294382980.html,https://www.livemint.com/news/india/us-india-trade-deal-news-us-tariffs-donald-trump-section-301-investigations-latest-update/amp-11780294382980.html,"Can US levy more tariffs on India for  excess capacity , forced labour ? Section 301 investigations explained",20260601T091500Z,https://www.livemint.com/lm-img/img/2026/06/01/600x338/USA-TRUMP-TARIFFS-INDIA-0_1753708587926_1753708600463_1780298834732_da879acf-33d5-468e-96b4-2f24bcf96ad3.JPG,livemint.com,English,India
http://hi.people.com.cn/n2/2026/0712/c231190-41636377.html,,海南自贸港加工增值免关税政策实施5年 享惠货值超121亿元,20260712T101500Z,,hi.people.com.cn,Chinese,China
https://www.setn.com/News.aspx?NewsID=1846348,https://www.setn.com/m/ampnews.aspx?NewsID=1846348,好消息 ！ 落實美台貿易協議 彭博 ： 美國取消部分對台關稅 | 政治 | 三立新聞網 SETN . COM,20260527T220000Z,https://attach.setn.com/newsimages/2025/04/03/5060891-PH.jpg,setn.com,Chinese,Taiwan
https://udn.com/news/story/6811/9544470,https://udn.com/news/amp/story/6811/9544470,重建關稅壁壘 美擬對台徵10 % 關稅 | 全球財經 | 全球,20260603T204500Z,https://uc.udn.com.tw/photo/t3/2026/06/03/35010344.jpg,udn.com,Chinese,Taiwan
https://www.moneycontrol.com/world/treated-unfairly-trump-insisted-india-charged-175-tariffs-despite-us-data-book-claims-article-13958510.html,https://www.moneycontrol.com/world/treated-unfairly-trump-insisted-india-charged-175-tariffs-despite-us-data-book-claims-article-13958510.html/amp,"  Treated unfairly : Trump insisted India charged 175 % tariffs despite US data , book claims",20260625T070000Z,https://images.moneycontrol.com/static-mcnews/2026/06/20260624230703_Trump.jpg,moneycontrol.com,English,India
https://www.cna.com.tw/news/afe/202606240237.aspx,,央行看川普對等關稅週年 全球化未死只是被重塑 | 產經,20260624T101500Z,,cna.com.tw,Chinese,Taiwan
https://www.cna.com.tw:443/news/afe/202606240237.aspx,,央行看川普對等關稅週年 全球化未死只是被重塑 | 產經,20260624T090000Z,,cna.com.tw,Chinese,Taiwan
https://www.yicai.com/brief/103165411.html,,欧盟敦促美国恢复去年贸易协议关税安排,20260506T040000Z,,yicai.com,Chinese,China
https://timesofindia.indiatimes.com/business/india-business/us-strikes-down-trumps-10-tariffs-how-should-india-proceed-now/articleshow/130953679.cms,https://timesofindia.indiatimes.com/business/india-business/us-strikes-down-trumps-10-tariffs-how-should-india-proceed-now/amp_articleshow/130953679.cms,US strikes down Trump 10 % tariffs How should India proceed now ? ,20260508T093000Z,"https://static.toiimg.com/thumb/msid-130954329,width-1280,height-720,imgsize-70446,resizemode-6,overlay-toi_sw,pt-32,y_pad-600/photo.jpg",timesofindia.indiatimes.com,English,India
https://www.epochtimes.com/gb/26/5/7/n14759062.htm,https://www.epochtimes.com/gb/26/5/7/n14759062.htm/amp,美贸易法庭裁定川普征收10 % 全球关税无效 | 贸易法院 | 第122条,20260507T233000Z,https://i.epochtimes.com/assets/uploads/2025/11/id14643331-GettyImages-2217670549-700x359.webp,epochtimes.com,Chinese,China
https://crooksandliars.com/2026/07/jamieson-greer-lincoln-trump-tariffs-and,,This Trump Official Just Cant Help Taking Lincoln Name In Vain,20260710T163000Z,https://crooksandliars.com/files/mediaposters/2026/07/59378.jpg,crooksandliars.com,English,United States
https://world.qianlong.com/2026/0529/8675495.shtml,,商务部回应欧盟拟对进口钢铁加税 ： 正与欧方开展谈判 期待达成双赢结果,20260528T220000Z,,world.qianlong.com,Chinese,China
https://www.chinatimes.com/realtimenews/20260508001075-260408,,美國國際貿易法庭 ： 川普全球10 ％ 進口關稅違法 - 國際,20260508T010000Z,https://images.chinatimes.com/newsphoto/2026-05-08/656/20260508001101.jpg,chinatimes.com,Chinese,Taiwan
https://www.moneycontrol.com/world/bullshit-numbers-trump-s-spat-with-commerce-secretary-over-india-china-tariffs-article-13957614.html,https://www.moneycontrol.com/world/bullshit-numbers-trump-s-spat-with-commerce-secretary-over-india-china-tariffs-article-13957614.html/amp,"  Bull *** t number : Trump spat with commerce secretary over India , China tariffs",20260624T081500Z,https://images.moneycontrol.com/static-mcnews/2026/06/20260623113254_Trump-Iran-8.jpg,moneycontrol.com,English,India
https://dailyinqilab.com/international/article/896123,,শুল্ক ইস্যুতে ভিন্ন অবস্থান চীন - যুক্তরাষ্ট্রের,20260517T184500Z,,dailyinqilab.com,Bengali,Bangladesh
https://timesofindia.indiatimes.com/business/india-business/amid-india-us-trade-deal-talks-trump-admins-fresh-warning-to-world-old-tariffs-may-return/articleshow/132011615.cms,https://timesofindia.indiatimes.com/business/india-business/amid-india-us-trade-deal-talks-trump-admins-fresh-warning-to-world-old-tariffs-may-return/amp_articleshow/132011615.cms,"Amid India - US trade deal talks , Trump admin fresh warning to world :  Old tariffs may return  ",20260626T093000Z,"https://static.toiimg.com/thumb/msid-132011759,width-1280,height-720,resizemode-6,overlay-toi_sw,pt-32,y_pad-600/photo.jpg",timesofindia.indiatimes.com,English,India
https://www.dw.com/zh/%E6%AC%A7%E7%9B%9F%E6%8E%A8%E8%BF%9B%E8%90%BD%E5%AE%9E%E5%AF%B9%E7%BE%8E%E8%B4%B8%E6%98%93%E5%8D%8F%E8%AE%AE-%E5%8A%9B%E9%81%BF%E7%89%B9%E6%9C%97%E6%99%AE%E5%8A%A0%E5%BE%81%E5%85%B3%E7%A8%8E/a-77247553,https://amp.dw.com/zh/%E6%AC%A7%E7%9B%9F%E6%8E%A8%E8%BF%9B%E8%90%BD%E5%AE%9E%E5%AF%B9%E7%BE%8E%E8%B4%B8%E6%98%93%E5%8D%8F%E8%AE%AE-%E5%8A%9B%E9%81%BF%E7%89%B9%E6%9C%97%E6%99%AE%E5%8A%A0%E5%BE%81%E5%85%B3%E7%A8%8E/a-77247553,欧盟推进落实对美贸易协议 力避特朗普加征关税,20260521T131500Z,https://static.dw.com/image/73444904_6.jpg,dw.com,Chinese,Germany
https://www.zaobao.com.sg/news/world/story20260603-9147328,,美国拟因强迫劳动 对多数贸易伙伴加税至少10 % ,20260603T061500Z,https://cassette.sphdigital.com.sg/image/zaobao/c8e527861c4c2685f5d9e26da890d0e402875a7d8cfa90c5732117625829a871,zaobao.com.sg,Chinese,Singapore
https://www.newsweek.com/section-122-global-tariffs-court-donald-trump-consumers-12062538,,Donald Trump Can Enforce 10 % Tariff Under Section 122 : What It Means for Consumers,20260612T003000Z,https://assets.newsweek.com/wp-content/uploads/2026/06/GettyImages-2280437253.jpg?&crop=1,newsweek.com,English,United States
https://www.oneindia.com/international/these-are-numbers-trump-clashed-with-commerce-secretary-over-india-tariffs-book-claims-8128129.html,,"  These Are Bullsh * t Numbers : Trump Clashed With Commerce Secretary Over India Tariffs , Book Claims",20260624T121500Z,https://imagesvs.oneindia.com/img/2026/06/donaldtrumponindiatariffdeal-1782288580.jpg,oneindia.com,English,India
https://newtalk.tw/news/view/2026-05-08/1033912,,川普再踢鐵板 ！ 美國際貿易法庭裁定全球10 % 關稅敗訴 令5日內執行 | 財經,20260508T023000Z,https://s.newtalk.tw/album/news/1029/69d4c336474a7.jpg,newtalk.tw,Chinese,Taiwan
http://news.cnfol.com/guoneicaijing/20260528/32262372.shtml,,中美关税谈判进展如何 ？ 商务部回应 ： 双方将商定具体安排 ， 并尽快推动实施 _ 国内财经 _ 财经 _ 中金在线,20260528T150000Z,,news.cnfol.com,Chinese,China
http://www.xinhuanet.com/20260602/aca041b91b7d4f1cbc05ab488a7fe0f6/c.html,,欧洲议会委员会投票支持欧美贸易协议 - 新华网,20260602T151500Z,,xinhuanet.com,Chinese,China
https://finance.eastmoney.com/a/202605063728371673.html,,欧盟敦促美国恢复去年贸易协议关税安排 _ 东方财富网,20260506T030000Z,,finance.eastmoney.com,Chinese,China
https://www.chinatimes.com/realtimenews/20260605001707-260410,, 《 國際經濟 》 台灣免卡 「 關 」？ 格里爾 ： 將遵守協議關稅上限 - 財經,20260605T040000Z,,chinatimes.com,Chinese,Taiwan
https://www.cna.com.tw:443/news/aopl/202606030010.aspx,,美國認定巴西涉不公平貿易 擬祭25 % 懲罰關稅 | 國際,20260602T221500Z,,cna.com.tw,Chinese,Taiwan
https://www.cna.com.tw/news/aopl/202606030010.aspx,,美國認定巴西涉不公平貿易 擬祭25 % 懲罰關稅 | 國際,20260602T230000Z,,cna.com.tw,Chinese,Taiwan
https://www.yicai.com/news/103165412.html,,欧盟敦促美国恢复去年贸易协议关税安排,20260506T040000Z,,yicai.com,Chinese,China
https://www.hinews.cn/page?n=2835532&m=1&s=1044,,海南自贸港加工增值免关税 ： 5年享惠货值超121亿元 - 南海网,20260711T160000Z,,hinews.cn,Chinese,China
https://world.qianlong.com/2026/0627/8688949.shtml,,南非总统呼吁积极推进南部非洲区域一体化,20260626T174500Z,,world.qianlong.com,Chinese,China
https://www.moneycontrol.com/world/us-trade-court-rules-against-trump-s-10-global-tariffs-article-13912302.html,https://www.moneycontrol.com/world/us-trade-court-rules-against-trump-s-10-global-tariffs-article-13912302.html/amp,US trade court rules against Trump 10 % global tariffs,20260508T034500Z,https://images.moneycontrol.com/static-mcnews/2026/04/20260406052511_AFP__20250623__63G96J6__v1__MidRes__UaeIranIsraelUsMaritimeTansportConflict.jpg,moneycontrol.com,English,India
https://www.epochtimes.com/gb/26/6/4/n14782161.htm,https://www.epochtimes.com/gb/26/6/4/n14782161.htm/amp,美贸易代表提维持欧日协议关税上限的条件 | 美国关税 | 美国贸易代表 | 欧洲关税,20260604T203000Z,https://i.epochtimes.com/assets/uploads/2026/05/id14766628-GettyImages-2266393683-700x359.jpg,epochtimes.com,Chinese,China
https://www.thenews.com.pk/latest/1401799-us-trade-court-rejects-trumps-proposed-10-global-tariffs,,US trade court rejects Trump proposed 10 % global tariffs,20260508T003000Z,https://www.thenews.com.pk/assets/uploads/2026-05-08/1401799_044537_updates.jpg,thenews.com.pk,English,Pakistan
https://www.epochtimes.com/gb/26/6/3/n14781533.htm,https://www.epochtimes.com/gb//n14781533.htm/amp,白宫重启大规模关税措施 聚焦强迫劳动商品,20260604T023000Z,,epochtimes.com,Chinese,China
https://www.risingbd.com/international/news/651759,https://www.risingbd.com/amp/international/news/651759,বাংলাদেশসহ ৬০ দেশের পণ্যের ওপর নতুন শুল্কের প্রস্তাব যুক্তরাষ্ট্রের,20260603T081500Z,https://www.risingbd.com/media/imgAll/2026June/US-tariffs-2606030643-fb.jpg,risingbd.com,Bengali,Bangladesh
https://news.cts.com.tw/cna/money/202606/202606243047541.html,,央行看川普對等關稅週年 全球化未死只是被重塑 - 財經,20260624T091500Z,https://news.cts.com.tw/assets/fb_img.jpg,news.cts.com.tw,Chinese,Taiwan
https://www.ntvbd.com/world/news-1747493,https://www.ntvbd.com/world/news-1747493?amp,বাংলাদেশসহ ৬০ দেশের ওপর নতুন শুল্ক আরোপের প্রস্তাব যুক্তরাষ্ট্রের,20260603T060000Z,https://ncdn.ntvbd.com/sites/default/files/styles/social_gpi_ntv_23m/public/images/2026/06/03/gemini_generated_image_5qh85r5qh85r5qh8.jpg,ntvbd.com,Bengali,Bangladesh
https://www.thehindubusinessline.com/news/world/court-setbacks-to-trump-add-uncertainty-to-us-tariffs-may-slowdown-bta-talks-with-india-experts/article70954409.ece,https://www.thehindubusinessline.com/news/world/court-setbacks-to-trump-add-uncertainty-to-us-tariffs-may-slowdown-bta-talks-with-india-experts/article70954409.ece/amp/,"Court setbacks to Trump add uncertainty to US tariffs , may slowdown BTA talks with India : Experts",20260508T080000Z,https://bl-i.thgim.com/public/incoming/dtiwjh/article70861917.ece/alternates/LANDSCAPE_1200/IMG_iStock-1858820017_2_1_I3EQT9FS.jpg,thehindubusinessline.com,English,India
https://stock.jrj.com.cn/2026/05/08131557033669.shtml,https://m.jrj.com.cn/madapter/stock/2026/05/08131557033669.shtml,特朗普关税突发重磅 ！ 美国国际贸易法院裁定特朗普最新的10 % 全球关税违法,20260508T054500Z,http://img.jrjimg.cn/2026/05/cms_20260508131553273.jpg,stock.jrj.com.cn,Chinese,China
https://ec.ltn.com.tw/article/breakingnews/5429616,https://ec.ltn.com.tw/amp/article/breakingnews/5429616,警告歐盟7 / 4前履行貿易協議 川普 ： 否則將提高關稅,20260508T024500Z,https://img.ltn.com.tw/Upload/business/page/800/2026/05/08/phpSW6HJw.jpg,ec.ltn.com.tw,Chinese,Taiwan
https://www.eldiariodechihuahua.mx/economia/2026/may/26/planea-eu-imponer-aranceles-a-paises-del-t-mec-801923.html,https://www.eldiariodechihuahua.mx/amp/economia/2026/may/26/planea-eu-imponer-aranceles-a-paises-del-t-mec-801923.html,Planea EU imponer aranceles a países del T - MEC,20260526T234500Z,https://www.eldiariodechihuahua.mx/core/dch/assets/images/2026/05/26/middle-imagetransformer-IPo19Mvku.jpg,eldiariodechihuahua.mx,Spanish,Mexico
https://www.wenweipo.com/a/202606/25/AP6a3d1300e4b0b49ad1c0c82f.html,,歐美貿易協議最終獲批 15 % 關稅時代來臨 - 財經,20260625T160000Z,https://dw-media.wenweipo.com/dams/wwpproduct/image/202606/25/6a3d12d7e4b08c07fcfcaf7f1.jpg,wenweipo.com,Chinese,China
https://www.asiaone.com:443/world/us-seek-public-comment-chinese-goods-eligible-tariff-cuts,,US to seek public comment on Chinese goods eligible for tariff cuts,20260527T014500Z,https://www.asiaone.com/sites/default/files/styles/article_top_image/public/original_images/May2026/27625_news_reuters.jpg?itok=ucJAfHrN,asiaone.com,English,Singapore
https://www.asiaone.com/world/us-seek-public-comment-chinese-goods-eligible-tariff-cuts,,US to seek public comment on Chinese goods eligible for tariff cuts,20260527T034500Z,https://media.asiaone.com/sites/default/files/styles/article_top_image/public/original_images/May2026/27625_news_reuters.jpg?itok=ucJAfHrN,asiaone.com,English,Singapore
https://www.cnbc.com/2026/06/23/trump-tariffs-manufacturing-warren-kelly.html,https://www.cnbc.com/amp/2026/06/23/trump-tariffs-manufacturing-warren-kelly.html,"Sens . Warren , Kelly press Trump on effects of tariffs on manufacturing",20260623T124500Z,https://image.cnbcfm.com/api/v1/image/108325060-1782158372874-Warren_Kelly.jpg?v=1782217146,cnbc.com,English,United States
https://www.cna.com.tw:443/news/aopl/202605080070.aspx,,美貿易法庭判川普全球關稅違法 影響範圍可能有限 | 國際,20260508T050000Z,,cna.com.tw,Chinese,Taiwan
https://technews.tw/2026/05/08/trade-court-rules-trumps-10-percent-global-tariff-is-illegal/,,美貿易法庭判川普全球關稅違法 ， 但影響範圍恐有限,20260508T080000Z,https://img.technews.tw/wp-content/uploads/2025/04/30145941/shutterstock_2598546831-2.jpg,technews.tw,Chinese,Taiwan
https://finance.ifeng.com/c/8uHjijqqY23,,特朗普威胁 ： 若欧洲国家征收数字服务税 ， 将对其输美商品征收100 % 关税,20260627T004500Z,https://x0.ifengimg.com/ucms/2026_26/E40BD3ACD32CBB7D98F6B93BBD9279BB6ACB7360_size169_w975_h549.jpg,finance.ifeng.com,Chinese,China
https://www.bd-pratidin.com/international-news/2026/06/03/1257885,,বাংলাদেশসহ ৬০ দেশের ওপর নতুন শুল্কের প্রস্তাব যুক্তরাষ্ট্রের |,20260603T074500Z,https://cdn.bd-pratidin.com/public/news_images/2026/06/03/og/1780465058-7ef61dcb2830be0831e8b6bc85579936.jpg,bd-pratidin.com,Bengali,Bangladesh
https://www.yahoo.com/news/politics/articles/appeals-court-says-u-government-213522087.html,,Appeals court says U . S . government can keep collecting 10 % tariffs for now,20260611T230000Z,https://s.yimg.com/ny/api/res/1.2/mXroh19KzlBt0ylvmd11mA--/YXBwaWQ9aGlnaGxhbmRlcjt3PTEyMDA7aD04MDI7Y2Y9d2VicA--/https://media.zenfs.com/en/ap.org/ea49a79b6e79e3a6eff42300ea5de3a4,yahoo.com,English,United States
https://news.qq.com/rain/a/20260627A04DLD00,,特朗普威胁欧洲国家 ： 若开征数字服务税 ， 就要面临100 % 关税 _ 腾讯新闻,20260627T070000Z,https://inews.gtimg.com/news_ls/OPpPM0aBAf6hHVl9wrB77s2UeWjexxpaVPeWkyrLiOaJIAA_640330/0,news.qq.com,Chinese,China
https://www.wral.com/news/ap/a95ef-appeals-court-says-u-s-government-can-keep-collecting-10-tariffs-for-now/,,Appeals court says U . S . government can keep collecting 10 % tariffs for now,20260612T010000Z,https://images.wral.com/6c132260-d0f1-5b37-a63b-7a24239284ab,wral.com,English,United States
https://www.zaobao.com.sg/news/world/story20260602-9145272,,特朗普政府提议对巴西加征25 % 关税,20260602T174500Z,https://cassette.sphdigital.com.sg/image/zaobao/73d7c8a06ac96a2eb844250be178afa852c54259397ccde55bff509957aab16f,zaobao.com.sg,Chinese,Singapore
https://www.ntdtv.com/b5/2026/06/16/a104106655.html,https://www.ntdtv.com/b5/2026/06/16/a104106655.html/amp,美最高院駁回上訴 川普對中關稅維持不變 | 美國最高法院 | 貿易戰 | 川普政府,20260616T233000Z,https://i.ntdtv.com/assets/uploads/2026/06/id104106672-GettyImages-2278635276-1200x630.jpg,ntdtv.com,Chinese,China
https://www.thenewslens.com/article/267974,,美伊衝突下的歐美貿易角力 ： 川普為何再次對歐盟祭出報復性關稅威脅 ？ - TNL The News Lens 關鍵評論網,20260527T061500Z,https://bucket-image.inkmaginecms.com/version/social/9dde7c0f-a597-445c-80dd-9a93db8a4006/image/2025/07/697ffd16-7eaa-4369-8e96-f142dad59775.jpg,thenewslens.com,Chinese,Taiwan
https://www.prnewswire.com/news-releases/cj-logistics-and-iherb-mark-10-years-of-strategic-partnership-driving-global-e-commerce-growth-302769236.html,,CJ Logistics and iHerb Mark 10 Years of Strategic Partnership Driving Global E - Commerce Growth,20260512T073000Z,https://mma.prnewswire.com/media/2977779/Reference_Photo__CJ_Logistics_iHerb__10th_Anniversary_Ceremony_for_Global_Retail___Logistics_Partner.jpg?p=facebook,prnewswire.com,English,United States
https://english.aawsat.com/business/5269131-maritime-alliances-propel-saudi-arabia-toward-building-global-logistics-influence,,Maritime Alliances Propel Saudi Arabia Toward Building Global Logistics Influence,20260503T151500Z,https://static.srpcdigital.com/styles/1200x600/public/2026-05/1522819_0.jpeg.webp,english.aawsat.com,English,Syria
https://www.163.com/news/article/KVCF6879000189FH.html,https://m.163.com/news/article/KVCF6879000189FH.html,一线调研丨织密全域物流网 畅通经济大动脉,20260614T014500Z,,163.com,Chinese,China
https://www.zawya.com/en/economy/gcc/oman-asyad-group-acquires-key-stake-in-uzbek-logistics-platforms-fbkbsa2d,,Oman : Asyad Group acquires key stake in Uzbek logistics platforms,20260605T000000Z,https://static.zawya.com/view/acePublic/alias/contentid/image.180724101335LKLD/33/180724101335lkld-jpg.jpeg?f=3%3A2,zawya.com,English,United Arab Emirates
https://www.finanznachrichten.de/nachrichten-2026-05/68592714-tmv-logistics-launches-dollar-200m-maritime-and-logistics-fund-anchored-by-american-bureau-of-shipping-abs-and-prologis-ventures-004.htm,,TMV Logistics Launches $200M Maritime and Logistics Fund Anchored by American Bureau of Shipping ( ABS ) and Prologis Ventures,20260526T104500Z,https://cts.businesswire.com/ct/CT?id=bwnews&sty=20260526505205r1&sid=gefi2&distro=ftp,finanznachrichten.de,English,Germany
https://aninews.in/news/business/odisha-governor-flags-global-supply-chain-disruptions-calls-for-lower-logistics-costs-to-boost-competitiveness20260522172626/,,"Odisha Governor flags global supply chain disruptions , calls for lower logistics costs to boost competitiveness",20260522T121500Z,,aninews.in,English,India
https://finance.yahoo.com/sectors/energy/articles/ega-partners-adnoc-boost-aluminium-134905830.html,,EGA partners with ADNOC to boost aluminium supply chain,20260508T141500Z,https://s.yimg.com/ny/api/res/1.2/KXBCYVEC0V8ylYZbrxdcmw--/YXBwaWQ9aGlnaGxhbmRlcjt3PTEyMDA7aD02NzU-/https://media.zenfs.com/en/mining_technology_700/0c3739dd3bdd63448ad1de917195c38e,finance.yahoo.com,English,United States
https://www.omanobserver.om/article/1190696/business/asyad-group-acquires-key-stake-in-uzbek-logistics-platforms,https://www.omanobserver.om/ampArticle/1190696,Asyad Group acquires key stake in Uzbek logistics platforms,20260604T100000Z,https://www.omanobserver.om/omanobserver/uploads/images/2026/06/04/thumbs/600x600/3405116.jpg,omanobserver.om,English,Oman
https://www.finanznachrichten.de/nachrichten-2026-06/68788491-shipstation-global-names-mark-honeyben-as-svp-and-managing-director-of-europe-004.htm,,ShipStation Global Names Mark Honeyben as SVP and Managing Director of Europe,20260617T083000Z,https://cts.businesswire.com/ct/CT?id=bwnews&sty=20260617130523r1&sid=gefi2&distro=ftp,finanznachrichten.de,English,Germany
https://www.trend.az/business/4194462.html,,Oman Asyad Group expands global footprint with major logistics acquisition in Uzbekistan,20260604T114500Z,,trend.az,English,Azerbaijan
https://ekonomi.haber7.com/ekonomi/haber/3628061-hurmuz-krizi-turkiyeyi-alternatif-uretim-merkezi-olarak-one-cikariyor,https://m.haber7.com/amphtml/ekonomi/haber/3628061-hurmuz-krizi-turkiyeyi-alternatif-uretim-merkezi-olarak-one-cikariyor,"Hürmüz krizi , Türkiyeyi alternatif üretim merkezi olarak öne çıkarıyor",20260515T090000Z,https://i12.haber7.net/haber/haber7/og_image/2026/20/hurmuz_krizi_turkiyeyi_alternatif_uretim_merkezi_olarak_one_cikariyor_1778832210_5018.jpg,ekonomi.haber7.com,Turkish,Turkey
https://www.haberler.com/guncel/unicef-lojistik-krizi-kriz-bolgelerindeki-cocuklarin-hayatini-tehdit-ediyor-19902588-haberi/,https://www.haberler.com/amp/unicef-lojistik-krizi-kriz-bolgelerindeki-cocuklarin-hayatini-tehdit-ediyor-19902588-haberi/,"UNICEF : Artan ulaşım ve lojistik maliyetleri , kriz bölgelerindeki çocukların hayatını tehlikeye atıyor",20260602T113000Z,,haberler.com,Turkish,Turkey
https://www.omanobserver.om/article/1192073/business/economy/asyadcma-cgm-pact-for-400m-logistics-terminal,https://www.omanobserver.om/ampArticle/1192073,Asyad CMA CGM pact for $400m logistics terminal,20260630T154500Z,https://www.omanobserver.om/omanobserver/uploads/images/2026/06/30/thumbs/600x600/3436276.jpg,omanobserver.om,English,Oman
https://www.shorouknews.com/news/view.aspx?cdate=02062026&id=00e7016b-7554-4e55-8a12-a4419950379e,,النائب عوض أبو النجا : إقامة مركز لوجيستي عالمي بقناة السويس ينقل مصر إلى قلب التجارة الدولية,20260602T111500Z,https://www.shorouknews.com/uploadedimages/Other/original/4567890-=5678909990.JPG,shorouknews.com,Arabic,Egypt
https://www.albayan.ae/economy/business/uae-economy/1304007,https://www.albayan.ae/amp/economy/business/uae-economy/1304007, « جاليجا جلوبال » تفتتح مركزاً لوجستياً متعدد الاستخدامات في « جافزا » ,20260520T210000Z,https://www.albayan.ae/assets/images/2026/05/21/5196575.jpg,albayan.ae,Arabic,United Arab Emirates
http://www.prnewswire.com/news-releases/pis-showcases-global-growth-strategy--expansion-plan-at-posidonia-2026-302797604.html,,PIS Showcases Global Growth Strategy & Expansion Plan at Posidonia 2026,20260611T054500Z,https://mmx.prnewswire.com/media/MS1862004/296b9afcda9f4f718bf6d382883d0c4e.jpg?id=OA2697596&p=facebook,prnewswire.com,English,United States
https://www.odatv.com/ekonomi/deik-baskani-aydin-mistacoglundan-cinle-daha-derin-is-birligi-cagrisi-120147419,,DEİK Başkanı Aydın Mıstaçoğlundan Çinle daha derin iş birliği çağrısı - Son Dakika Ekonomi Haberleri,20260517T070000Z,https://img.odatv.com/rcman/Cw1280h720q95gc/storage/files/images/2026/05/17/deik-baskani-aydin-mistacoglundan-cinle-daha-derin-is-birligi-cagrisi-q80h.jpg,odatv.com,Turkish,Turkey
https://finance.yahoo.com/sectors/technology/articles/logistics-m-accelerates-wwex-auctane-143754206.html,,Logistics M & A accelerates as WWEX and Auctane form ShipStation Global,20260601T151500Z,https://s.yimg.com/ny/api/res/1.2/DcJIuyJak8xB8rWCijhMWA--/YXBwaWQ9aGlnaGxhbmRlcjt3PTEyMDA7aD02NzU-/https://media.zenfs.com/en/freightwaves_373/51528c60dfa111196c04a77b91823ded,finance.yahoo.com,English,United States
http://www.prnewswire.com/news-releases/viettel-post-and-fedex-announce-strategic-partnership-to-strengthen-cross-border-logistics-in-vietnam-302751486.html,,Viettel Post and FedEx Announce Strategic Partnership to Strengthen Cross - Border Logistics in Vietnam,20260423T081500Z,https://mma.prnewswire.com/media/2964073/Pic_1___Viettel.jpg?p=facebook,prnewswire.com,English,United States
https://www.openpr.com/news/4507317/tao-price-prediction-points-to-472-as-bittensor-expands,,TAO Price Prediction Points to $472 as Bittensor Expands,20260508T211500Z,https://cdn.open-pr.com/L/5/L508236994_g.jpg,openpr.com,English,United States
https://www.gulte.com/trends/408347/garudavega-acquires-yourdesicart-to-scale-india-to-global-shopping-for-nris,https://www.gulte.com/trends/408347/garudavega-acquires-yourdesicart-to-scale-india-to-global-shopping-for-nris/amp,Garudavega Acquires YourDesiCart to Scale India to Global Shopping for NRIs,20260427T151500Z,https://cdn.gulte.com/wp-content/uploads/2026/04/IndianClicks_Garudavega_YourDesiCart_1000x620_04232026_2.jpg,gulte.com,English,India
https://www.openpr.com/news/4515837/bittensor-price-prediction-tao-targets-350-while-pepeto,,Bittensor Price Prediction : TAO Targets $350 While Pepeto,20260516T234500Z,https://cdn.open-pr.com/L/5/L517907282_g.jpg,openpr.com,English,United States
https://www.standardmedia.co.ke/business/business/article/2001546528/manufacturers-sound-alarm-on-logistics-hurdles-stifling-export-growth,https://www.standardmedia.co.ke/amp/business/business/article/2001546528/manufacturers-sound-alarm-on-logistics-hurdles-stifling-export-growth,Manufacturers sound alarm on logistics hurdles stifling export growth,20260428T210000Z,https://cdn.standardmedia.co.ke/images/articles/thumbnails/QGq6yf9PWTDYOne9rEKQQNWKuhxPfZgdJAjKw3f8.jpg,standardmedia.co.ke,English,Kenya
https://www.andhrajyothy.com/2026/telangana/hyderabad/tg-targets-global-logistics-hub-status-sridhar-babu-unveils-logistics-vision-2047-investment-push-suchi-1532071.html,,గ్లోబల్ లాజిస్టిక్స్ డెస్టినేషన్‌గా తెలంగాణ : మంత్రి శ్రీధర్‌బాబు | TG Targets Global Logistics Hub Status Sridhar Babu Unveils Logistics Vision 2047 Investment Push suchi,20260612T113000Z,https://media.andhrajyothy.com/media/2026/20260318/sridharbabu_527caee403_v_jpg.webp,andhrajyothy.com,Telugu,United States
https://www.dostor.org/5589292,,عمرو السمدوني : مركز لوجستي عالمي بقناة السويس لجذب الاستثمارات,20260608T101500Z,,dostor.org,Arabic,Egypt
https://www.meinbezirk.at/amstetten/c-regionauten-community/online-einblicke-in-die-welt-der-logistik-1ak-1bk-und-2bk-beim-tag-der-logistik_a8602727,,"HAK Ybbs : Tag der Logistik : Online - Einblicke in die Welt der Logistik – 1AK , 1BK und 2BK beim „ Tag der Logistik  ",20260423T074500Z,https://media04.meinbezirk.at/article/2026/04/23/0/50391110_XXL.webp,meinbezirk.at,German,Austria
https://www.manilatimes.net/2026/04/23/tmt-newswire/pr-newswire/viettel-post-and-fedex-announce-strategic-partnership-to-strengthen-cross-border-logistics-in-vietnam/2326781,https://www.manilatimes.net/2026/04/23/tmt-newswire/pr-newswire/viettel-post-and-fedex-announce-strategic-partnership-to-strengthen-cross-border-logistics-in-vietnam/2326781/amp,Viettel Post and FedEx Announce Strategic Partnership to Strengthen Cross - Border Logistics in Vietnam,20260423T090000Z,https://www.manilatimes.net/manilatimes/uploads/images/2026/04/23/1025548.jpg,manilatimes.net,English,Philippines
https://www.straitstimes.com/singapore/singapore-retains-best-global-seaport-title-at-asian-awards,,Singapore retains Best Global Seaport title,20260625T073000Z,https://cassette.sphdigital.com.sg/image/straitstimes/930a9ee3d1242a02a48c31a4dff520601fd7417b7e3ab1deaa03be50b6402e86,straitstimes.com,English,Singapore
https://www.omanobserver.om/article/1188298/business/economy/asyad-acquires-ligentia-to-expand-global-footprint,https://www.omanobserver.om/ampArticle/1188298,Asyad acquires Ligentia to expand global footprint,20260421T141500Z,https://www.omanobserver.om/omanobserver/uploads/images/2026/04/21/thumbs/600x600/3360211.jpg,omanobserver.om,English,Oman
https://www.prnewswire.com/news-releases/imperative-logistics-acquires-jose-d-gonzalez-chb-strengthening-customs-brokerage-trade-compliance-and-cross-border-capabilities-302806875.html,,"Imperative Logistics Acquires Jose D . Gonzalez , CHB , Strengthening Customs Brokerage , Trade Compliance , and Cross - Border Capabilities",20260622T213000Z,https://mma.prnewswire.com/media/2405498/IMPERATIVE_LOGISTICS_GROUP___RGB.jpg?p=facebook,prnewswire.com,English,United States
https://www.dostor.org/5580551,,برلمانى : تدشين مركز لوجيستي عالمي بقناة السويس ينقل مصر لقلب التجارة الدولية ويضاعف عوائدها,20260602T100000Z,,dostor.org,Arabic,Egypt
https://www.milliyet.com.tr/ekonomi/istanbul-stratejik-konumda-7618748,,İstanbul stratejik konumda,20260707T053000Z,https://image.milimaj.com/i/milliyet/75/0x0/6a4c2e1ad043e11f6c7a68bd.jpg,milliyet.com.tr,Turkish,Turkey
https://timesofoman.com/article/172548-asyad-group-acquires-stake-in-logistical-assets-in-uzbekistan,,Asyad Group acquires stake in logistical assets in Uzbekistan,20260603T141500Z,https://shabiba.eu-central-1.linodeobjects.com/2026/06/1780492187-1780492187-oofasyqqgla0-700x400.jpeg,timesofoman.com,English,Oman
https://timesofindia.indiatimes.com/city/thiruvananthapuram/chief-minister-v-d-satheesan-seeks-centres-assistance-for-integrated-airport-port-development/articleshow/132336711.cms,https://timesofindia.indiatimes.com/city/thiruvananthapuram/chief-minister-v-d-satheesan-seeks-centres-assistance-for-integrated-airport-port-development/amp_articleshow/132336711.cms,Chief minister V D Satheesan seeks Centre assistance for integrated airport - port development | Thiruvananthapuram News,20260711T191500Z,"https://static.toiimg.com/thumb/msid-131709414,width-1280,height-720,resizemode-6,overlay-toi_sw,pt-32,y_pad-600/photo.jpg",timesofindia.indiatimes.com,English,India
https://sp.ycwb.com/ikimvkmtii/content_54188783.htm,, 【 好评中国 】 物流网建设提质扩面 ， 万亿赛道激活实体经济新动能,20260622T060000Z,https://www.ycwb.com/images/jyw_QQWeChat_transmit.jpg,sp.ycwb.com,Chinese,China
https://punchng.com/african-maritime-leaders-converge-to-boost-port-efficiency/,https://punchng.com/african-maritime-leaders-converge-to-boost-port-efficiency/?amp,African Leaders Converge to Boost Port Efficiency,20260521T010000Z,https://cdn.punchng.com/wp-content/uploads/2025/09/05012028/Maritime-Port-Scene.jpeg,punchng.com,English,Nigeria
https://english.aawsat.com/business/5267736-new-shipping-service-connects-jeddah-islamic-port-china-malaysia-and-egypt,,"New Shipping Service Connects Jeddah Islamic Port with China , Malaysia and Egypt",20260429T111500Z,https://static.srpcdigital.com/styles/1200x600/public/2026-04/1516567_0.jpeg.webp,english.aawsat.com,English,Syria
https://mb.com.ph/2026/07/08/danish-fund-ap-moller-completes-40-acquisition-of-ayalas-ac-logistics,,Manila Bulletin - Danish fund A . P . Moller completes 40 % acquisition of Ayala AC Logistics,20260708T024500Z,https://mb.com.ph/manilabulletin/uploads/images/2026/07/08/114450.webp,mb.com.ph,English,Philippines
https://delo.ua/economy/ukrayina-perspektivnii-logisticnii-vuzol-jevropi-yakoyu-maje-buti-nova-rol-krayini-u-globalnii-ekonomici-466761/,,Україна – перспективний логістичний вузол Європи . Якою має бути нова роль … ,20260603T121500Z,,delo.ua,Ukrainian,Ukraine
https://www.prnewswire.com/news-releases/echo-global-logistics-announces-2025-ltl-carrier-of-the-year-awardees-302782073.html,,Echo Global Logistic Announces 2025 LTL Carrier of the Year Awardees,20260527T134500Z,,prnewswire.com,English,United States
https://www.zawya.com/en/press-release/companies-news/sal-is-the-first-saudi-company-in-the-logistics-sector-to-obtain-hsse-ims-triple-iso-certified-su8q8jxs,,SAL is the first Saudi company in the logistics sector to obtain HSSE IMS triple ISO certified,20260520T003000Z,https://static.zawya.com/view/acePublic/alias/contentid/3e86e140-5a91-4265-a5e2-7bf21dae895f/0/_57a5735-jpg.jpeg?f=3%3A2,zawya.com,English,United Arab Emirates
https://www.finanznachrichten.de/nachrichten-2026-05/68406495-eqs-news-innoscripta-se-innoscripta-gewinnt-global-player-aus-der-logistikbranche-als-neukunden-022.htm,,EQS - News : innoscripta SE : innoscripta gewinnt Global Player aus der Logistikbranche als Neukunden,20260506T071500Z,https://www.finanznachrichten.de/chart-innoscripta-se-aktie-intraklein-xetra.png,finanznachrichten.de,German,Germany
https://www.finanznachrichten.de/nachrichten-2026-05/68398836-how-dp-world-is-helping-redefine-export-growth-in-the-caribbean-200.htm,,How DP World Is Helping Redefine Export Growth in the Caribbean,20260505T140000Z,https://www.finanznachrichten.de/chart-dp-world-limited-aktie-intraklein-frankfurt.png,finanznachrichten.de,English,Germany
https://finance.yahoo.com/sectors/technology/articles/hellmann-mas-open-fashion-logistics-105212126.html,,"Hellmann , MAS open fashion logistics hub in Sri Lanka",20260530T124500Z,https://s.yimg.com/ny/api/res/1.2/KWTTJj0ZotFt1eA7SGpprQ--/YXBwaWQ9aGlnaGxhbmRlcjt3PTEyMDA7aD02NzU-/https://media.zenfs.com/en/just_style_482/5bd5f5a354ac7431a89810b11f584ebd,finance.yahoo.com,English,United States
https://economictimes.indiatimes.com/small-biz/trade/exports/insights/why-kuehnenagel-is-betting-big-on-indias-supply-chain-ambitions/articleshow/131240738.cms,https://m.economictimes.com/small-biz/trade/exports/insights/why-kuehnenagel-is-betting-big-on-indias-supply-chain-ambitions/amp_articleshow/131240738.cms,Why Kuehne+Nagel is betting big on India supply chain ambitions,20260521T063000Z,"https://img.etimg.com/thumb/msid-131240898,width-1200,height-630,imgsize-35446,overlay-etrise/articleshow.jpg",economictimes.indiatimes.com,English,India
https://www.moneycontrol.com/news/business/geopolitical-disruptions-are-becoming-new-normal-for-global-supply-chains-allcargo-group-cfo-ravi-jakhar-13967732.html,https://www.moneycontrol.com/news/business/geopolitical-disruptions-are-becoming-new-normal-for-global-supply-chains-allcargo-group-cfo-ravi-jakhar-13967732.html/amp,Geopolitical disruptions are becoming new normal for global supply chains : Allcargo Group CFO Ravi Jakhar,20260707T064500Z,https://images.moneycontrol.com/static-mcnews/2026/07/20260707061628_Ravi-Jakhar-Allcargo-Group.jpg,moneycontrol.com,English,India
https://portal.sina.com.hk/finance/finance-mediaoutreachnewswire/media-outreach/2026/07/09/1849395/midea-group-and-hutchison-ports-sign-mou/,,Midea Group and Hutchison Ports Sign MoU,20260709T104500Z,,portal.sina.com.hk,English,Hong Kong
https://www.dostor.org/5582805,,عمر الغنيمي : إنشاء مركز لوجستي عالمي بقناة السويس خطوة مفصلية لتعزيز مكانة مصر في التجارة الدولية,20260603T160000Z,,dostor.org,Arabic,Egypt
https://1prime.ru/20260606/ormuz-870555528.html,,Сечин предупредил об угрозе для глобальной логистики после кризиса в Ормузе,20260606T080000Z,https://cdnn.1prime.ru/images/sharing/article/rus/870555528.jpg,1prime.ru,Russian,Russia
https://aninews.in/news/business/prabhaat-global-industries-ltd-streamlines-logistics-and-procurement-with-traqos-auction-platform20260506163648/,,Prabhaat Global Industries Ltd . Streamlines Logistics and Procurement with Traqo Auction Platform,20260506T120000Z,,aninews.in,English,India
https://www.dostor.org/5582642,,نائب :  لوجيستي قناة السويس  يعزز تنافسية الاقتصاد المصري عالميًا,20260603T153000Z,,dostor.org,Arabic,Egypt
https://www.haberler.com/ekonomi/adana-sanayi-odasi-baskani-ihracatta-rekabet-icin-lojistik-altyapi-guclendirilmeli-19846116-haberi/,https://www.haberler.com/amp/adana-sanayi-odasi-baskani-ihracatta-rekabet-icin-lojistik-altyapi-guclendirilmeli-19846116-haberi/,Başkan Kıvanç :  Fabrikada kazandığımızı yolda kaybetmeyelim  ,20260514T131500Z,https://foto.haberler.com/haber/2026/05/14/baskan-kivanc-fabrikada-kazandigimizi-yolda-19846116_amp.jpg,haberler.com,Turkish,Turkey
https://baijiahao.baidu.com/s?id=1863417925539041839,,2025年湖南社会物流总额16 . 3万亿元,20260425T061500Z,,baijiahao.baidu.com,Chinese,China
https://thestarphoenix.com/press-releases/business-wire/ait-worldwide-logistics-welcomes-justin-kosslyn-as-chief-digital-and-technology-officer/,,AIT Worldwide Logistics Welcomes Justin Kosslyn as Chief Digital and Technology Officer,20260713T154500Z,https://thestarphoenix.com/wp-content/uploads/sites/3/2026/07/bw20260713269550_ait_hs_justin-kosslyn_highres.jpeg,thestarphoenix.com,English,Canada
https://aninews.in/news/business/rear-admiral-gk-garg-retd-appreciates-global-standard-infrastructure-and-student-engagement-at-galgotias-university20260512102651/,,Rear Admiral GK Garg ( Retd .) Appreciates Global Standard Infrastructure and Student Engagement at Galgotias University,20260512T061500Z,,aninews.in,English,India
https://www.insidermonkey.com/blog/global-e-online-ltd-glbe-shows-how-cross-border-logistics-can-extend-e-commerce-growth-1781666/,https://www.insidermonkey.com/blog/global-e-online-ltd-glbe-shows-how-cross-border-logistics-can-extend-e-commerce-growth-1781666/?amp=1,Global - e Online Ltd . ( GLBE ) Shows How Cross - Border Logistics Can Extend E - Commerce Growth,20260614T203000Z,https://d2gr5kl7dt2z3t.cloudfront.net/blog/wp-content/uploads/2017/03/27090102/shutterstock_277923833.jpg,insidermonkey.com,English,United States
https://www.manilatimes.net/2026/06/19/tmt-newswire/globenewswire/its-logistics-an-echo-global-logistics-company-unlocks-nationwide-one-day-reach-with-new-distribution-center/2368743,https://www.manilatimes.net/2026/06/19/tmt-newswire/globenewswire/its-logistics-an-echo-global-logistics-company-unlocks-nationwide-one-day-reach-with-new-distribution-center/2368743/amp,"ITS Logistics , an Echo Global Logistics Company , Unlocks Nationwide One - Day Reach with New Distribution Center",20260618T171500Z,https://manilatimes.net/manilatimes/uploads/images/2026/06/19/1105255.png,manilatimes.net,English,Philippines
https://news.webindia123.com/news/Articles/World/20260514/4450294.html,,PM Modi UAE visit highlights  strategic depth  of bilateral ties : DP World CEO Yuvraj Narayan,20260514T174500Z,,news.webindia123.com,English,India
https://www.dunya.com/ekonomi/ticaret-rotalari-degisti-mersin-limani-buyudu-haberi-826390,,"Ticaret rotaları değişti , Mersin Limanı büyüdü",20260525T214500Z,https://image.dunya.com/rcman/Cw1280h720q95gc/storage/files/images/2026/05/25/ff1-kxbe_cover.jpg,dunya.com,Turkish,Turkey
https://timesofoman.com/article/173669-oman-lng-launches-inaugural-energy-shipment-aboard-state-of-the-art-vessel,,Oman LNG launches inaugural energy shipment aboard state of the art vessel,20260629T101500Z,https://shabiba.eu-central-1.linodeobjects.com/2026/06/1782721776-1782721775-lcf2o28y611j-700x400.jpg,timesofoman.com,English,Oman
https://www.openpr.com/news/4484112/global-smart-hospital-beds-market-to-reach-us-4-77-billion,,Global Smart Hospital Beds Market to Reach US$ 4 . 77 Billion,20260422T120000Z,https://cdn.open-pr.com/L/4/L422808434_g.jpg,openpr.com,English,United States
https://vanguardia.com.mx/dinero/foro-mundial-de-ciudades-y-plataformas-logisticas-generara-derrama-de-mas-de-dos-millones-de-pesos-en-hoteles-de-saltillo-BG21414041,,Foro Mundial de Ciudades y Plataformas Logísticas generará derrama de más de dos millones de pesos en hoteles de Saltillo,20260616T041500Z,https://vanguardia.com.mx/binrepository/1200x800/0c0/1200d630/down-right/11604/IQGL/1000407469_1-15802437_20260616012931.jpg,vanguardia.com.mx,Spanish,Mexico
https://fakty.ua/471757-fakty-o-logistike-populyarnye-i-poslednie-novosti,https://amp.fakty.ua/471757-fakty-o-logistike-populyarnye-i-poslednie-novosti,Факти про логістику - популярні та останні новини . ,20260512T213000Z,,fakty.ua,Ukrainian,Ukraine
https://www.manilatimes.net/2026/06/24/tmt-newswire/pr-newswire/ditp-and-rx-bitec-unlock-global-supply-chain-potential/2371567,https://www.manilatimes.net/2026/06/24/tmt-newswire/pr-newswire/ditp-and-rx-bitec-unlock-global-supply-chain-potential/2371567/amp,DITP and RX BITEC Unlock Global Supply Chain Potential,20260624T031500Z,https://manilatimes.net/manilatimes/uploads/images/2026/06/24/1111061.jpg,manilatimes.net,English,Philippines
https://aninews.in/news/world/middle-east/pm-modis-uae-visit-highlights-strategic-depth-of-bilateral-ties-dp-world-ceo-yuvraj-narayan20260514214844/,,PM Modi UAE visit highlights  strategic depth  of bilateral ties : DP World CEO Yuvraj Narayan,20260514T180000Z,,aninews.in,English,India
https://www.finanznachrichten.de/nachrichten-2026-06/68870072-china-international-supply-chain-expo-4th-cisce-supply-chain-service-zone-logistics-finance-and-global-connectivity-take-center-stage-008.htm,,"China International Supply Chain Expo : 4th CISCE Supply Chain Service Zone : Logistics , Finance and Global Connectivity Take Center Stage",20260626T060000Z,,finanznachrichten.de,English,Germany
https://vz.ru/news/2026/4/23/1413261.html,https://vz.ru/amp/news/2026/4/23/1413261.html,Путин заявил о росте значимости Севморпути в мировой логистике :: Новости дня / ВЗГЛЯД,20260423T144500Z,https://img.vz.ru/upimg/soc/soc_1413261.png,vz.ru,Russian,Russia
https://www.omanobserver.om/article/1190564/business/economy/as-global-trade-fragments-omans-long-logistics-bet-gains-relevance,https://www.omanobserver.om/ampArticle/1190564,"As global trade fragments , Oman long logistics bet gains relevance",20260602T151500Z,https://www.omanobserver.om/omanobserver/uploads/images/2026/06/02/thumbs/600x600/3403496.jpg,omanobserver.om,English,Oman
https://www.ft.lk/business/Rooso-Ramachandran-appointed-as-CEO-of-EFL-Global/34-792515,,Rooso Ramachandran appointed as CEO of EFL Global,20260527T030000Z,https://bmkltsly13vb.compat.objectstorage.ap-mumbai-1.oraclecloud.com/cdn.ft.lk/assets/uploads/image_25e60c4d47.jpg,ft.lk,English,Sri Lanka
https://www.emaratalyoum.com/business/local/2026-05-21-1.2047852,https://www.emaratalyoum.com/business/local/2026-05-21-1.2047852?ot=ot.AMPPageLayout, « جاليجا جلوبال » تفتتح مركزاً لوجستياً في « جافزا » ,20260521T044500Z,,emaratalyoum.com,Arabic,United Arab Emirates
https://www.folhavitoria.com.br/economia/porto-de-aracruz-consegue-certificacao-que-pode-reduzir-em-80-tempo-de-liberacao-de-carga/,,Porto de Aracruz consegue certificao que pode reduzir em 80 % tempo de liberao de carga,20260428T231500Z,https://www.folhavitoria.com.br/wp-content/uploads/2026/01/Portocel_vista-aerea.jpg.jpeg,folhavitoria.com.br,Portuguese,Brazil
https://www.arabnews.com/node/2644775/business-economy,https://www.arabnews.com/node/2644775/amp,Mawani adds Ocean Rise Express service at Jeddah Islamic Port,20260524T123000Z,https://www.arabnews.com/sites/default/files/styles/660x371_watermarksaudi/public/main-image/2026/05/24/4715410-1786945366.jpg?itok=qbgGBlmd,arabnews.com,English,Saudi Arabia
https://news.webindia123.com/news/Articles/Business/20260424/4442979.html,,"Gujarat : Deendayal Port Authority , DP World discuss Tuna - Tekra terminal , boost to Kandla logistics hub",20260424T080000Z,,news.webindia123.com,English,India
https://www.aksam.com.tr/guncel/uniceften-ulasim-ve-lojistik-mesaji-bolgedeki-cocuklarin-hayatini-tehlikeye-atiyor/haber-1671711,https://m.aksam.com.tr/amp/guncel/uniceften-ulasim-ve-lojistik-mesaji-bolgedeki-cocuklarin-hayatini-tehlikeye-atiyor/haber-1671711,UNICEFten ulam ve lojistik mesajý : Bölgedeki çocuklarýn hayatýn tehlikeye atýyor,20260602T120000Z,https://img3.aksam.com.tr/imgsdisk/2026/06/02/t25_uniceften-ulasim-ve-lojis-107.jpg,aksam.com.tr,Turkish,Turkey
https://www.prnewswire.com/news-releases/iqax-pioneers-ebl-for-high-volume-lcl-operations-with-tianjin-consol-and-ezshipping-302803852.html,,IQAX Pioneers eBL for High - Volume LCL Operations with Tianjin Consol and EZShipping,20260618T041500Z,,prnewswire.com,English,United States
https://news.webindia123.com/news/Articles/Business/20260514/4450192.html,,Yellowings Wins Prestigious LEAPS 2025 Award as India Sole Honouree in Logistics Operations Service Providers Category,20260514T131500Z,,news.webindia123.com,English,India
https://www.dostor.org/5581205,,ميرال الهريدي : المركز اللوجستي بقناة السويس يعزز قدرة مصر على قيادة التجارة بالمنطقة,20260602T161500Z,,dostor.org,Arabic,Egypt
https://www.trend.az/business/energy/4177447.html,,KBR partners with AI defense firm to accelerate military logistics innovation,20260422T063000Z,,trend.az,English,Azerbaijan
https://aninews.in/news/business/gujarat-deendayal-port-authority-dp-world-discuss-tuna-tekra-terminal-boost-to-kandla-logistics-hub20260424114637/,,"Gujarat : Deendayal Port Authority , DP World discuss Tuna - Tekra terminal , boost to Kandla logistics hub",20260424T073000Z,,aninews.in,English,India
https://www.wallstreet-online.de/nachricht/21105355-ait-worldwide-logistics-begruesst-justin-kosslyn-chief-digital-and-technology-officer,,AIT Worldwide Logistics begrt Justin Kosslyn als Chief Digital and Technology Officer,20260714T040000Z,https://assets.wallstreet-online.de/_media/6/source1280/size_645/businesswire-1280.png,wallstreet-online.de,German,Germany
https://economictimes.indiatimes.com/small-biz/sme-sector/smes-need-logistics-partners-not-just-carriers-translinks-vaibhav-salvi/articleshow/132063740.cms,https://m.economictimes.com/small-biz/sme-sector/smes-need-logistics-partners-not-just-carriers-translinks-vaibhav-salvi/amp_articleshow/132063740.cms,"SMEs need logistics partners , not just carriers : TransLink Vaibhav Salvi",20260629T060000Z,"https://img.etimg.com/thumb/msid-132064028,width-1200,height-630,imgsize-815520,overlay-etrise/articleshow.jpg",economictimes.indiatimes.com,English,India
https://aninews.in/news/business/yellowings-wins-prestigious-leaps-2025-award-as-indias-sole-honouree-in-logistics-operations-service-providers-category20260514180421/,,Yellowings Wins Prestigious LEAPS 2025 Award as India Sole Honouree in Logistics Operations Service Providers Category,20260514T133000Z,,aninews.in,English,India
https://www.donanimhaber.com/amazon-dev-lojistik-agini-herkese-acma-karari-aldi--205232,https://www.donanimhaber.com/amp/amazon-dev-lojistik-agini-herkese-acma-karari-aldi--205232,"Amazon , dev lojistik ağını herkese açma kararı aldı",20260504T231500Z,,donanimhaber.com,Turkish,Turkey
https://www.gdnonline.com:443/Details/1398013,,UAE Business : AD Ports Group enables Al Faya Dry Port integration into global system,20260619T120000Z,https://www.gdnonline.com/gdnimages/20260618%5CTA_20260618111715.jpg,gdnonline.com,English,United States
https://www.newkerala.com/news/a/odisha-governor-flags-global-supply-chain-disruptions-calls-179.htm,,Lower logistics costs key to global competitiveness : Odisha Governor,20260522T124500Z,https://one.newkerala.com/images/t/newkerala-com-news250.webp,newkerala.com,English,India
https://sana.sy/tr/international/2294163/,,"Yılmaz : Türkiye , Üretim , Ticaret ve Lojistik Merkezi Olma Yolunda",20260427T190000Z,https://cdn.sananews.sy/2026/04/Turkiye-Cumhurbaskani-Yardimcisi-Cevdet-Yilmaz.jpg,sana.sy,Turkish,Syria
https://www.zawya.com/en/economy/africa/kenya-mombasa-port-secures-822mln-facelift-deal-t54tc7vy,,Kenya : Mombasa Port secures $822mln facelift deal,20260515T101500Z,https://static.zawya.com/view/acePublic/alias/contentid/0f14c453-77de-43d2-ab3e-4cbf53fca9fb/30/2230635353.jpeg?f=3%3A2,zawya.com,English,United Arab Emirates
https://www.arabnews.com/node/2646513/business-economy,https://www.arabnews.com/node/2646513/amp,Saudi Arabia awards $533m Jubail Port concession as part of broader logistics expansion drive,20260609T104500Z,https://www.arabnews.com/sites/default/files/styles/660x371_watermarksaudi/public/main-image/2026/06/09/4720040-2032586574.png?itok=Oen1uuCf,arabnews.com,English,Saudi Arabia
https://www.dostor.org/5584911,,نائب رئيس الوزراء الروسي : قطاع الطاقة العالمي يمر بمرحلة ضغط غير مسبوقة,20260605T093000Z,,dostor.org,Arabic,Egypt
https://www.siliconindia.com/news/general/tvs-scs-ala-group-form-jv-to-tap-indias-aerospace--defense-supply-chain-market-nid-240937-cid-1.html,,"TVS SCS , ALA Group Form JV to Tap India Aerospace & Defense Supply Chain Market",20260605T051500Z,,siliconindia.com,English,India
https://www.okaz.com.sa/economy/na/2251580,https://www.okaz.com.sa/ampArticle/2251580,غرفة الرياض : معالجة بعض التحديات التشغيلية تسهم في تحسين كفاءة المنظومة اللوجستية,20260607T074500Z,https://www.okaz.com.sa/okaz/uploads/global_files/no-image.png,okaz.com.sa,English,Saudi Arabia
https://www.manilatimes.net/2026/05/07/tmt-newswire/pr-newswire/tracelink-named-to-inbound-logistics-top-100-preparing-healthcare-and-life-sciences-companies-for-agentic-operations-across-its-global-supply-network/2338667,https://www.manilatimes.net/2026/05/07/tmt-newswire/pr-newswire/tracelink-named-to-inbound-logistics-top-100-preparing-healthcare-and-life-sciences-companies-for-agentic-operations-across-its-global-supply-network/2338667/amp,"TraceLink Named to Inbound Logistics Top 100 , Preparing Healthcare and Life Sciences Companies for Agentic Operations Across Its Global Supply Network",20260507T150000Z,https://www.manilatimes.net/manilatimes/uploads/images/2026/05/07/1047597.jpg,manilatimes.net,English,Philippines
https://www.gdnonline.com:443/Details/1400415/US-logistics-major-Rock-It-opens-regional-headquarters-in-Abu-Dhabi,,UAE Business : US logistics major Rock - It opens regional headquarters in Abu Dhabi,20260712T081500Z,https://www.gdnonline.com/gdnimages/20260712%5CTA_20260712102350.jpg,gdnonline.com,English,United States
https://www.gdnonline.com:443/Details/1400415,,UAE Business : US logistics major Rock - It opens regional headquarters in Abu Dhabi,20260713T183000Z,https://www.gdnonline.com/gdnimages/20260712%5CTA_20260712102350.jpg,gdnonline.com,English,United States
https://www.thehindubusinessline.com/economy/logistics/global-upgrade-for-major-ports/article70935913.ece,https://www.thehindubusinessline.com/economy/logistics/global-upgrade-for-major-ports/article70935913.ece/amp/,Global upgrade for major ports - The HinduBusinessLine,20260504T060000Z,https://bl-i.thgim.com/public/incoming/5tlsuv/article70935918.ece/alternates/LANDSCAPE_1200/2026-04-28T133342Z_816980085_RC2X4EAWA0QH_RTRMADP_3_ARGENTINA-EU-SOYMEAL.JPG,thehindubusinessline.com,English,India
https://www.manilatimes.net/2026/06/18/tmt-newswire/pr-newswire/iqax-pioneers-ebl-for-high-volume-lcl-operations-with-tianjin-consol-and-ezshipping/2368068,https://www.manilatimes.net/2026/06/18/tmt-newswire/pr-newswire/iqax-pioneers-ebl-for-high-volume-lcl-operations-with-tianjin-consol-and-ezshipping/2368068/amp,IQAX Pioneers eBL for High - Volume LCL Operations with Tianjin Consol and EZShipping,20260618T043000Z,https://www.manilatimes.net/theme_manilatimes/images/TMT_1920x1008.jpg,manilatimes.net,English,Philippines
https://timesofoman.com/article/172100-dsv-expands-in-dubai-with-new-30000-sqm-logistics-warehouse-in-jebel-ali-free-zone-developed-by-arcapitas-lintara,,"DSV expands in Dubai with new 30 , 000 sqm logistics warehouse in Jebel Ali Free Zone Developed by Arcapita Lintara",20260521T094500Z,https://shabiba.eu-central-1.linodeobjects.com/2026/05/1779355468-1779355468-kv5gscweb12f.jpg,timesofoman.com,English,Oman
https://biz.liga.net/ua/all/press-release/ukraina-u-hlobalnykh-zakupivliakh-mkhp-anonsuie-mhp-procurement-conference-2026,https://biz.liga.net/ua/amp/all/press-release/ukraina-u-hlobalnykh-zakupivliakh-mkhp-anonsuie-mhp-procurement-conference-2026,Україна у глобальних закупівлях : МХП анонсує MHP Procurement Conference 2026,20260622T094500Z,https://storage.liga.net/images/general/2026/06/19/20260619102846-8836.jpg,biz.liga.net,Ukrainian,Ukraine
https://telecom.economictimes.indiatimes.com/news/devices/air-india-sats-inks-pact-to-fast-track-samsung-data-systems-shipments-from-noida-airport/130802053,https://telecom.economictimes.indiatimes.com/amp/news/devices/air-india-sats-inks-pact-to-fast-track-samsung-data-systems-shipments-from-noida-airport/130802053,Air India SATS inks pact to fast - track Samsung Data Systems shipments from Noida airport,20260504T141500Z,"https://etimg.etb2bimg.com/thumb/msid-130802053,imgsize-63366,width-1200,height=627,overlay-ettelecom,resizemode-75/devices/air-india-sats-inks-pact-to-fast-track-samsung-data-systems-shipments-from-noida-airport.jpg",telecom.economictimes.indiatimes.com,English,India
https://www.dostor.org/5580366,,برلماني : إنشاء مركز توزيع لوجيستي عالمي بالمنطقة الاقتصادية ينقل مصر لمركز لإدارة التجارة الدولية,20260602T084500Z,,dostor.org,Arabic,Egypt
